Descripcion;Importe;Tipo;Categoria
compra servicio online Aficiones;198.68;2;Aficiones
cargo servicio online Aficiones;180.46;2;Aficiones
compra servicio online Aficiones;218.34;2;Aficiones
movimiento comercio local Aficiones;227.81;2;Aficiones
compra comercio local Aficiones;216.77;2;Aficiones
compra comercio local Aficiones;116.87;2;Aficiones
cargo proveedor habitual Aficiones;248.63;2;Aficiones
pago tarjeta servicio online Aficiones;76.29;2;Aficiones
pago tarjeta comercio local Aficiones;151.01;2;Aficiones
ticket proveedor habitual Aficiones;81.52;2;Aficiones
cargo proveedor habitual Aficiones;272.81;2;Aficiones
cargo proveedor habitual Aficiones;315.11;2;Aficiones
cargo proveedor habitual Aficiones;274.77;2;Aficiones
factura comercio local Aficiones;123.11;2;Aficiones
cargo servicio online Aficiones;346.52;2;Aficiones
ticket servicio online Aficiones;338.20;2;Aficiones
ticket comercio local Aficiones;239.85;2;Aficiones
pago tarjeta servicio online Aficiones;243.84;2;Aficiones
ticket comercio local Aficiones;197.15;2;Aficiones
ticket comercio local Aficiones;294.58;2;Aficiones
pago tarjeta servicio online Aficiones;228.96;2;Aficiones
factura proveedor habitual Aficiones;209.00;2;Aficiones
movimiento servicio online Aficiones;159.86;2;Aficiones
factura comercio local Aficiones;21.78;2;Aficiones
cargo servicio online Aficiones;206.85;2;Aficiones
ticket servicio online Aficiones;283.43;2;Aficiones
movimiento servicio online Aficiones;229.38;2;Aficiones
pago tarjeta servicio online Aficiones;261.37;2;Aficiones
ticket comercio local Aficiones;295.09;2;Aficiones
factura servicio online Aficiones;187.98;2;Aficiones
pago tarjeta proveedor habitual Aficiones;208.06;2;Aficiones
cargo proveedor habitual Aficiones;127.17;2;Aficiones
compra comercio local Aficiones;135.01;2;Aficiones
movimiento proveedor habitual Aficiones;99.79;2;Aficiones
pago tarjeta servicio online Aficiones;272.16;2;Aficiones
movimiento proveedor habitual Aficiones;115.30;2;Aficiones
compra proveedor habitual Aficiones;83.52;2;Aficiones
pago tarjeta comercio local Aficiones;135.09;2;Aficiones
movimiento proveedor habitual Aficiones;328.05;2;Aficiones
pago tarjeta comercio local Aficiones;122.57;2;Aficiones
movimiento servicio online Aficiones;246.29;2;Aficiones
cargo comercio local Aficiones;328.41;2;Aficiones
pago tarjeta comercio local Aficiones;207.99;2;Aficiones
movimiento comercio local Aficiones;14.85;2;Aficiones
compra servicio online Aficiones;215.06;2;Aficiones
cargo comercio local Aficiones;241.79;2;Aficiones
ticket proveedor habitual Aficiones;281.82;2;Aficiones
factura proveedor habitual Aficiones;237.11;2;Aficiones
pago tarjeta comercio local Aficiones;210.16;2;Aficiones
cargo servicio online Aficiones;29.50;2;Aficiones
movimiento proveedor habitual Aficiones;289.20;2;Aficiones
cargo comercio local Aficiones;141.37;2;Aficiones
pago tarjeta proveedor habitual Aficiones;42.58;2;Aficiones
ticket proveedor habitual Aficiones;281.78;2;Aficiones
ticket proveedor habitual Aficiones;86.76;2;Aficiones
pago tarjeta comercio local Aficiones;259.24;2;Aficiones
ticket servicio online Aficiones;158.34;2;Aficiones
factura servicio online Aficiones;94.80;2;Aficiones
ticket proveedor habitual Aficiones;249.51;2;Aficiones
ticket proveedor habitual Aficiones;102.79;2;Aficiones
pago tarjeta servicio online Alcohol y tabaco;82.96;2;Alcohol y tabaco
ticket comercio local Alcohol y tabaco;11.45;2;Alcohol y tabaco
ticket proveedor habitual Alcohol y tabaco;170.05;2;Alcohol y tabaco
pago tarjeta proveedor habitual Alcohol y tabaco;272.90;2;Alcohol y tabaco
movimiento proveedor habitual Alcohol y tabaco;49.52;2;Alcohol y tabaco
factura servicio online Alcohol y tabaco;44.96;2;Alcohol y tabaco
compra servicio online Alcohol y tabaco;175.07;2;Alcohol y tabaco
cargo servicio online Alcohol y tabaco;218.42;2;Alcohol y tabaco
factura servicio online Alcohol y tabaco;9.49;2;Alcohol y tabaco
factura proveedor habitual Alcohol y tabaco;135.66;2;Alcohol y tabaco
movimiento proveedor habitual Alcohol y tabaco;95.47;2;Alcohol y tabaco
movimiento servicio online Alcohol y tabaco;147.49;2;Alcohol y tabaco
pago tarjeta comercio local Alcohol y tabaco;270.97;2;Alcohol y tabaco
movimiento comercio local Alcohol y tabaco;195.89;2;Alcohol y tabaco
cargo proveedor habitual Alcohol y tabaco;5.70;2;Alcohol y tabaco
compra proveedor habitual Alcohol y tabaco;170.16;2;Alcohol y tabaco
compra comercio local Alcohol y tabaco;80.71;2;Alcohol y tabaco
ticket comercio local Alcohol y tabaco;129.88;2;Alcohol y tabaco
movimiento servicio online Alcohol y tabaco;264.75;2;Alcohol y tabaco
cargo proveedor habitual Alcohol y tabaco;265.78;2;Alcohol y tabaco
pago tarjeta comercio local Alcohol y tabaco;89.76;2;Alcohol y tabaco
pago tarjeta comercio local Alcohol y tabaco;101.33;2;Alcohol y tabaco
factura comercio local Alcohol y tabaco;113.40;2;Alcohol y tabaco
movimiento comercio local Alcohol y tabaco;81.02;2;Alcohol y tabaco
factura servicio online Alcohol y tabaco;8.50;2;Alcohol y tabaco
ticket servicio online Alcohol y tabaco;51.57;2;Alcohol y tabaco
movimiento proveedor habitual Alcohol y tabaco;251.46;2;Alcohol y tabaco
movimiento proveedor habitual Alcohol y tabaco;83.29;2;Alcohol y tabaco
compra comercio local Alcohol y tabaco;200.28;2;Alcohol y tabaco
pago tarjeta servicio online Alcohol y tabaco;49.90;2;Alcohol y tabaco
compra proveedor habitual Alcohol y tabaco;54.30;2;Alcohol y tabaco
movimiento servicio online Alcohol y tabaco;263.24;2;Alcohol y tabaco
cargo proveedor habitual Alcohol y tabaco;262.32;2;Alcohol y tabaco
ticket comercio local Alcohol y tabaco;341.07;2;Alcohol y tabaco
pago tarjeta servicio online Alcohol y tabaco;116.55;2;Alcohol y tabaco
movimiento servicio online Alcohol y tabaco;189.55;2;Alcohol y tabaco
factura servicio online Alcohol y tabaco;162.58;2;Alcohol y tabaco
compra proveedor habitual Alcohol y tabaco;289.13;2;Alcohol y tabaco
pago tarjeta comercio local Alcohol y tabaco;241.32;2;Alcohol y tabaco
ticket proveedor habitual Alcohol y tabaco;315.54;2;Alcohol y tabaco
movimiento comercio local Alcohol y tabaco;222.14;2;Alcohol y tabaco
ticket comercio local Alcohol y tabaco;185.41;2;Alcohol y tabaco
cargo servicio online Alcohol y tabaco;167.46;2;Alcohol y tabaco
cargo comercio local Alcohol y tabaco;134.33;2;Alcohol y tabaco
ticket proveedor habitual Alcohol y tabaco;15.67;2;Alcohol y tabaco
ticket comercio local Alcohol y tabaco;10.62;2;Alcohol y tabaco
ticket servicio online Alcohol y tabaco;88.85;2;Alcohol y tabaco
factura proveedor habitual Alcohol y tabaco;138.70;2;Alcohol y tabaco
factura servicio online Alcohol y tabaco;345.98;2;Alcohol y tabaco
factura proveedor habitual Alcohol y tabaco;104.70;2;Alcohol y tabaco
movimiento comercio local Alcohol y tabaco;254.98;2;Alcohol y tabaco
compra servicio online Alcohol y tabaco;209.73;2;Alcohol y tabaco
pago tarjeta comercio local Alcohol y tabaco;87.85;2;Alcohol y tabaco
movimiento servicio online Alcohol y tabaco;179.34;2;Alcohol y tabaco
movimiento proveedor habitual Alcohol y tabaco;41.68;2;Alcohol y tabaco
factura servicio online Alcohol y tabaco;191.34;2;Alcohol y tabaco
pago tarjeta servicio online Alcohol y tabaco;57.70;2;Alcohol y tabaco
cargo comercio local Alcohol y tabaco;168.98;2;Alcohol y tabaco
ticket comercio local Alcohol y tabaco;220.99;2;Alcohol y tabaco
ticket servicio online Alcohol y tabaco;149.19;2;Alcohol y tabaco
factura arrendador Alquiler;890.74;2;Alquiler
pago tarjeta inmobiliaria Alquiler;1395.82;2;Alquiler
ticket inmobiliaria Alquiler;1315.15;2;Alquiler
factura inmobiliaria Alquiler;631.23;2;Alquiler
compra arrendador Alquiler;1026.49;2;Alquiler
cargo arrendador Alquiler;1303.97;2;Alquiler
ticket arrendador Alquiler;453.30;2;Alquiler
pago tarjeta arrendador Alquiler;866.08;2;Alquiler
movimiento arrendador Alquiler;1001.98;2;Alquiler
cargo inmobiliaria Alquiler;629.57;2;Alquiler
pago tarjeta inmobiliaria Alquiler;815.76;2;Alquiler
cargo inmobiliaria Alquiler;468.97;2;Alquiler
factura arrendador Alquiler;1204.45;2;Alquiler
compra arrendador Alquiler;1305.11;2;Alquiler
cargo inmobiliaria Alquiler;732.37;2;Alquiler
cargo inmobiliaria Alquiler;1013.95;2;Alquiler
compra inmobiliaria Alquiler;1343.06;2;Alquiler
cargo inmobiliaria Alquiler;837.48;2;Alquiler
factura inmobiliaria Alquiler;507.72;2;Alquiler
compra inmobiliaria Alquiler;1117.33;2;Alquiler
compra arrendador Alquiler;493.22;2;Alquiler
factura arrendador Alquiler;705.35;2;Alquiler
cargo arrendador Alquiler;924.11;2;Alquiler
ticket arrendador Alquiler;1019.39;2;Alquiler
cargo inmobiliaria Alquiler;964.48;2;Alquiler
compra arrendador Alquiler;1274.94;2;Alquiler
cargo arrendador Alquiler;516.55;2;Alquiler
compra arrendador Alquiler;474.68;2;Alquiler
ticket inmobiliaria Alquiler;1180.97;2;Alquiler
cargo inmobiliaria Alquiler;612.07;2;Alquiler
cargo arrendador Alquiler;497.49;2;Alquiler
pago tarjeta arrendador Alquiler;975.27;2;Alquiler
ticket arrendador Alquiler;1024.93;2;Alquiler
pago tarjeta inmobiliaria Alquiler;634.04;2;Alquiler
pago tarjeta inmobiliaria Alquiler;567.31;2;Alquiler
ticket inmobiliaria Alquiler;927.69;2;Alquiler
movimiento inmobiliaria Alquiler;683.73;2;Alquiler
factura arrendador Alquiler;582.44;2;Alquiler
cargo inmobiliaria Alquiler;501.70;2;Alquiler
compra arrendador Alquiler;526.56;2;Alquiler
movimiento inmobiliaria Alquiler;1412.61;2;Alquiler
ticket arrendador Alquiler;513.46;2;Alquiler
cargo arrendador Alquiler;1010.01;2;Alquiler
pago tarjeta arrendador Alquiler;737.96;2;Alquiler
pago tarjeta arrendador Alquiler;1478.05;2;Alquiler
movimiento arrendador Alquiler;1200.71;2;Alquiler
pago tarjeta inmobiliaria Alquiler;916.98;2;Alquiler
ticket arrendador Alquiler;837.71;2;Alquiler
factura inmobiliaria Alquiler;1218.92;2;Alquiler
movimiento arrendador Alquiler;482.68;2;Alquiler
cargo inmobiliaria Alquiler;545.25;2;Alquiler
ticket inmobiliaria Alquiler;1181.34;2;Alquiler
pago tarjeta arrendador Alquiler;959.05;2;Alquiler
movimiento arrendador Alquiler;1244.43;2;Alquiler
factura inmobiliaria Alquiler;983.25;2;Alquiler
ticket arrendador Alquiler;808.94;2;Alquiler
movimiento inmobiliaria Alquiler;922.78;2;Alquiler
factura inmobiliaria Alquiler;1083.23;2;Alquiler
factura inmobiliaria Alquiler;1461.97;2;Alquiler
cargo inmobiliaria Alquiler;1296.32;2;Alquiler
ticket bar centro Bares;227.37;2;Bares
factura taberna Bares;159.34;2;Bares
compra taberna Bares;111.85;2;Bares
pago tarjeta taberna Bares;329.47;2;Bares
ticket bar centro Bares;310.62;2;Bares
pago tarjeta bar centro Bares;217.28;2;Bares
factura taberna Bares;197.46;2;Bares
movimiento taberna Bares;164.82;2;Bares
factura bar centro Bares;329.56;2;Bares
cargo bar barrio Bares;56.39;2;Bares
factura taberna Bares;343.28;2;Bares
pago tarjeta bar centro Bares;48.58;2;Bares
movimiento bar barrio Bares;245.42;2;Bares
pago tarjeta bar centro Bares;296.80;2;Bares
movimiento bar centro Bares;67.39;2;Bares
pago tarjeta bar centro Bares;196.57;2;Bares
pago tarjeta bar centro Bares;349.58;2;Bares
pago tarjeta bar barrio Bares;109.46;2;Bares
movimiento bar centro Bares;90.70;2;Bares
factura bar centro Bares;69.75;2;Bares
movimiento bar barrio Bares;273.92;2;Bares
pago tarjeta bar barrio Bares;331.98;2;Bares
cargo bar centro Bares;36.70;2;Bares
compra bar centro Bares;101.98;2;Bares
cargo bar centro Bares;128.12;2;Bares
cargo bar barrio Bares;305.07;2;Bares
pago tarjeta taberna Bares;158.29;2;Bares
pago tarjeta bar centro Bares;175.56;2;Bares
ticket bar barrio Bares;19.98;2;Bares
factura bar barrio Bares;219.75;2;Bares
factura taberna Bares;211.35;2;Bares
cargo bar centro Bares;275.46;2;Bares
compra bar barrio Bares;337.89;2;Bares
movimiento bar centro Bares;279.57;2;Bares
compra bar barrio Bares;288.62;2;Bares
ticket bar barrio Bares;213.28;2;Bares
factura taberna Bares;280.36;2;Bares
ticket taberna Bares;321.36;2;Bares
ticket bar centro Bares;232.81;2;Bares
cargo bar barrio Bares;81.15;2;Bares
movimiento bar centro Bares;135.34;2;Bares
cargo bar barrio Bares;215.86;2;Bares
movimiento taberna Bares;167.55;2;Bares
pago tarjeta bar barrio Bares;61.29;2;Bares
pago tarjeta taberna Bares;174.14;2;Bares
cargo bar barrio Bares;152.59;2;Bares
compra bar barrio Bares;270.15;2;Bares
pago tarjeta bar barrio Bares;298.16;2;Bares
pago tarjeta taberna Bares;272.99;2;Bares
cargo bar centro Bares;135.41;2;Bares
cargo bar centro Bares;295.18;2;Bares
movimiento bar barrio Bares;23.62;2;Bares
ticket bar centro Bares;81.43;2;Bares
cargo bar barrio Bares;234.67;2;Bares
factura taberna Bares;288.15;2;Bares
movimiento bar barrio Bares;68.32;2;Bares
compra bar barrio Bares;346.55;2;Bares
movimiento taberna Bares;70.53;2;Bares
pago tarjeta bar barrio Bares;277.06;2;Bares
factura bar centro Bares;95.66;2;Bares
compra comercio local Belleza;129.97;2;Belleza
pago tarjeta comercio local Belleza;230.86;2;Belleza
pago tarjeta comercio local Belleza;185.62;2;Belleza
cargo comercio local Belleza;304.28;2;Belleza
ticket proveedor habitual Belleza;252.73;2;Belleza
movimiento servicio online Belleza;105.94;2;Belleza
factura comercio local Belleza;254.83;2;Belleza
ticket servicio online Belleza;22.41;2;Belleza
compra proveedor habitual Belleza;347.41;2;Belleza
compra proveedor habitual Belleza;216.56;2;Belleza
cargo proveedor habitual Belleza;187.61;2;Belleza
factura servicio online Belleza;114.05;2;Belleza
ticket servicio online Belleza;218.53;2;Belleza
movimiento servicio online Belleza;75.79;2;Belleza
compra proveedor habitual Belleza;261.49;2;Belleza
pago tarjeta proveedor habitual Belleza;35.88;2;Belleza
factura proveedor habitual Belleza;264.41;2;Belleza
ticket proveedor habitual Belleza;22.28;2;Belleza
ticket comercio local Belleza;201.17;2;Belleza
ticket servicio online Belleza;80.81;2;Belleza
pago tarjeta comercio local Belleza;147.56;2;Belleza
movimiento proveedor habitual Belleza;133.77;2;Belleza
cargo proveedor habitual Belleza;305.36;2;Belleza
compra comercio local Belleza;41.99;2;Belleza
ticket proveedor habitual Belleza;209.87;2;Belleza
cargo proveedor habitual Belleza;285.16;2;Belleza
movimiento comercio local Belleza;290.98;2;Belleza
compra comercio local Belleza;56.59;2;Belleza
movimiento servicio online Belleza;173.43;2;Belleza
pago tarjeta comercio local Belleza;48.36;2;Belleza
ticket comercio local Belleza;93.36;2;Belleza
pago tarjeta comercio local Belleza;62.67;2;Belleza
movimiento servicio online Belleza;259.58;2;Belleza
ticket proveedor habitual Belleza;144.45;2;Belleza
movimiento comercio local Belleza;228.42;2;Belleza
factura servicio online Belleza;200.40;2;Belleza
movimiento comercio local Belleza;328.07;2;Belleza
ticket proveedor habitual Belleza;38.83;2;Belleza
factura comercio local Belleza;41.40;2;Belleza
factura servicio online Belleza;349.49;2;Belleza
cargo proveedor habitual Belleza;190.88;2;Belleza
cargo proveedor habitual Belleza;214.68;2;Belleza
compra servicio online Belleza;157.67;2;Belleza
cargo proveedor habitual Belleza;207.91;2;Belleza
movimiento proveedor habitual Belleza;112.08;2;Belleza
factura servicio online Belleza;293.94;2;Belleza
movimiento servicio online Belleza;261.08;2;Belleza
compra proveedor habitual Belleza;264.39;2;Belleza
pago tarjeta comercio local Belleza;214.76;2;Belleza
compra proveedor habitual Belleza;217.91;2;Belleza
ticket servicio online Belleza;310.18;2;Belleza
pago tarjeta servicio online Belleza;255.15;2;Belleza
factura servicio online Belleza;298.37;2;Belleza
ticket comercio local Belleza;334.20;2;Belleza
factura comercio local Belleza;229.77;2;Belleza
pago tarjeta comercio local Belleza;236.42;2;Belleza
pago tarjeta comercio local Belleza;37.66;2;Belleza
pago tarjeta comercio local Belleza;326.84;2;Belleza
movimiento servicio online Belleza;44.18;2;Belleza
cargo servicio online Belleza;300.88;2;Belleza
factura starbucks Cafe y snacks;204.67;2;Cafe y snacks
pago tarjeta cafeteria Cafe y snacks;331.84;2;Cafe y snacks
compra coffee shop Cafe y snacks;145.05;2;Cafe y snacks
movimiento cafeteria Cafe y snacks;323.85;2;Cafe y snacks
movimiento coffee shop Cafe y snacks;124.00;2;Cafe y snacks
factura coffee shop Cafe y snacks;218.97;2;Cafe y snacks
pago tarjeta starbucks Cafe y snacks;263.47;2;Cafe y snacks
cargo starbucks Cafe y snacks;324.88;2;Cafe y snacks
movimiento starbucks Cafe y snacks;344.15;2;Cafe y snacks
pago tarjeta starbucks Cafe y snacks;76.46;2;Cafe y snacks
factura starbucks Cafe y snacks;284.24;2;Cafe y snacks
movimiento cafeteria Cafe y snacks;32.86;2;Cafe y snacks
movimiento coffee shop Cafe y snacks;163.84;2;Cafe y snacks
pago tarjeta cafeteria Cafe y snacks;118.52;2;Cafe y snacks
pago tarjeta coffee shop Cafe y snacks;115.98;2;Cafe y snacks
cargo starbucks Cafe y snacks;124.98;2;Cafe y snacks
ticket cafeteria Cafe y snacks;193.58;2;Cafe y snacks
factura coffee shop Cafe y snacks;175.19;2;Cafe y snacks
ticket starbucks Cafe y snacks;198.73;2;Cafe y snacks
compra coffee shop Cafe y snacks;157.78;2;Cafe y snacks
factura cafeteria Cafe y snacks;269.56;2;Cafe y snacks
ticket coffee shop Cafe y snacks;109.80;2;Cafe y snacks
factura starbucks Cafe y snacks;65.99;2;Cafe y snacks
movimiento coffee shop Cafe y snacks;225.92;2;Cafe y snacks
ticket starbucks Cafe y snacks;115.47;2;Cafe y snacks
ticket starbucks Cafe y snacks;33.30;2;Cafe y snacks
cargo cafeteria Cafe y snacks;182.95;2;Cafe y snacks
compra starbucks Cafe y snacks;168.74;2;Cafe y snacks
movimiento coffee shop Cafe y snacks;329.79;2;Cafe y snacks
compra starbucks Cafe y snacks;9.34;2;Cafe y snacks
movimiento starbucks Cafe y snacks;298.08;2;Cafe y snacks
ticket cafeteria Cafe y snacks;120.73;2;Cafe y snacks
movimiento coffee shop Cafe y snacks;171.59;2;Cafe y snacks
factura starbucks Cafe y snacks;93.61;2;Cafe y snacks
compra cafeteria Cafe y snacks;223.51;2;Cafe y snacks
compra starbucks Cafe y snacks;20.61;2;Cafe y snacks
factura starbucks Cafe y snacks;315.64;2;Cafe y snacks
factura coffee shop Cafe y snacks;92.09;2;Cafe y snacks
compra cafeteria Cafe y snacks;347.49;2;Cafe y snacks
compra cafeteria Cafe y snacks;106.73;2;Cafe y snacks
factura coffee shop Cafe y snacks;328.17;2;Cafe y snacks
cargo cafeteria Cafe y snacks;261.24;2;Cafe y snacks
pago tarjeta starbucks Cafe y snacks;37.83;2;Cafe y snacks
compra cafeteria Cafe y snacks;9.17;2;Cafe y snacks
pago tarjeta starbucks Cafe y snacks;159.95;2;Cafe y snacks
ticket coffee shop Cafe y snacks;185.82;2;Cafe y snacks
cargo starbucks Cafe y snacks;240.76;2;Cafe y snacks
compra starbucks Cafe y snacks;300.23;2;Cafe y snacks
cargo starbucks Cafe y snacks;123.29;2;Cafe y snacks
pago tarjeta cafeteria Cafe y snacks;103.78;2;Cafe y snacks
movimiento coffee shop Cafe y snacks;74.00;2;Cafe y snacks
compra coffee shop Cafe y snacks;85.90;2;Cafe y snacks
movimiento coffee shop Cafe y snacks;38.99;2;Cafe y snacks
factura coffee shop Cafe y snacks;268.85;2;Cafe y snacks
pago tarjeta starbucks Cafe y snacks;92.20;2;Cafe y snacks
cargo starbucks Cafe y snacks;121.76;2;Cafe y snacks
ticket cafeteria Cafe y snacks;232.84;2;Cafe y snacks
movimiento cafeteria Cafe y snacks;177.13;2;Cafe y snacks
cargo starbucks Cafe y snacks;345.02;2;Cafe y snacks
ticket coffee shop Cafe y snacks;254.72;2;Cafe y snacks
compra repsol Coche y combustible;163.75;2;Coche y combustible
pago tarjeta cepsa Coche y combustible;15.91;2;Coche y combustible
factura repsol Coche y combustible;70.09;2;Coche y combustible
movimiento repsol Coche y combustible;128.66;2;Coche y combustible
pago tarjeta repsol Coche y combustible;93.48;2;Coche y combustible
factura repsol Coche y combustible;41.33;2;Coche y combustible
ticket bp Coche y combustible;18.86;2;Coche y combustible
movimiento cepsa Coche y combustible;21.51;2;Coche y combustible
pago tarjeta bp Coche y combustible;160.70;2;Coche y combustible
ticket cepsa Coche y combustible;168.77;2;Coche y combustible
movimiento repsol Coche y combustible;100.40;2;Coche y combustible
ticket repsol Coche y combustible;108.25;2;Coche y combustible
factura cepsa Coche y combustible;32.11;2;Coche y combustible
pago tarjeta cepsa Coche y combustible;163.52;2;Coche y combustible
ticket bp Coche y combustible;154.36;2;Coche y combustible
compra repsol Coche y combustible;67.26;2;Coche y combustible
movimiento bp Coche y combustible;110.77;2;Coche y combustible
ticket repsol Coche y combustible;37.95;2;Coche y combustible
movimiento cepsa Coche y combustible;33.65;2;Coche y combustible
movimiento repsol Coche y combustible;158.77;2;Coche y combustible
compra repsol Coche y combustible;163.04;2;Coche y combustible
cargo repsol Coche y combustible;166.54;2;Coche y combustible
movimiento bp Coche y combustible;136.50;2;Coche y combustible
compra repsol Coche y combustible;143.22;2;Coche y combustible
factura bp Coche y combustible;24.98;2;Coche y combustible
cargo repsol Coche y combustible;34.75;2;Coche y combustible
cargo bp Coche y combustible;167.17;2;Coche y combustible
ticket repsol Coche y combustible;28.81;2;Coche y combustible
pago tarjeta cepsa Coche y combustible;12.01;2;Coche y combustible
movimiento cepsa Coche y combustible;76.38;2;Coche y combustible
pago tarjeta repsol Coche y combustible;119.27;2;Coche y combustible
compra cepsa Coche y combustible;53.83;2;Coche y combustible
compra cepsa Coche y combustible;147.74;2;Coche y combustible
cargo bp Coche y combustible;105.63;2;Coche y combustible
ticket bp Coche y combustible;121.57;2;Coche y combustible
cargo cepsa Coche y combustible;55.20;2;Coche y combustible
factura repsol Coche y combustible;92.87;2;Coche y combustible
factura bp Coche y combustible;176.36;2;Coche y combustible
compra cepsa Coche y combustible;155.59;2;Coche y combustible
factura bp Coche y combustible;69.43;2;Coche y combustible
ticket bp Coche y combustible;32.95;2;Coche y combustible
movimiento bp Coche y combustible;18.85;2;Coche y combustible
pago tarjeta cepsa Coche y combustible;31.73;2;Coche y combustible
movimiento bp Coche y combustible;134.97;2;Coche y combustible
pago tarjeta cepsa Coche y combustible;47.89;2;Coche y combustible
movimiento bp Coche y combustible;169.87;2;Coche y combustible
cargo bp Coche y combustible;52.40;2;Coche y combustible
pago tarjeta bp Coche y combustible;51.34;2;Coche y combustible
factura cepsa Coche y combustible;170.95;2;Coche y combustible
movimiento cepsa Coche y combustible;87.74;2;Coche y combustible
cargo bp Coche y combustible;128.71;2;Coche y combustible
compra cepsa Coche y combustible;55.25;2;Coche y combustible
movimiento bp Coche y combustible;107.38;2;Coche y combustible
movimiento repsol Coche y combustible;14.90;2;Coche y combustible
cargo bp Coche y combustible;47.94;2;Coche y combustible
movimiento repsol Coche y combustible;123.02;2;Coche y combustible
factura repsol Coche y combustible;74.61;2;Coche y combustible
cargo cepsa Coche y combustible;69.50;2;Coche y combustible
ticket cepsa Coche y combustible;137.61;2;Coche y combustible
ticket cepsa Coche y combustible;124.55;2;Coche y combustible
cargo comercio local Comida y bebida;150.05;2;Comida y bebida
cargo proveedor habitual Comida y bebida;99.93;2;Comida y bebida
compra servicio online Comida y bebida;170.52;2;Comida y bebida
movimiento servicio online Comida y bebida;30.48;2;Comida y bebida
compra servicio online Comida y bebida;109.72;2;Comida y bebida
factura servicio online Comida y bebida;124.62;2;Comida y bebida
cargo proveedor habitual Comida y bebida;214.11;2;Comida y bebida
cargo servicio online Comida y bebida;12.71;2;Comida y bebida
pago tarjeta servicio online Comida y bebida;150.46;2;Comida y bebida
ticket servicio online Comida y bebida;121.77;2;Comida y bebida
cargo proveedor habitual Comida y bebida;125.54;2;Comida y bebida
factura servicio online Comida y bebida;94.45;2;Comida y bebida
factura servicio online Comida y bebida;180.82;2;Comida y bebida
cargo proveedor habitual Comida y bebida;322.60;2;Comida y bebida
ticket comercio local Comida y bebida;205.93;2;Comida y bebida
movimiento comercio local Comida y bebida;246.99;2;Comida y bebida
ticket comercio local Comida y bebida;33.95;2;Comida y bebida
movimiento comercio local Comida y bebida;85.62;2;Comida y bebida
pago tarjeta servicio online Comida y bebida;257.29;2;Comida y bebida
pago tarjeta servicio online Comida y bebida;206.41;2;Comida y bebida
compra servicio online Comida y bebida;7.77;2;Comida y bebida
cargo servicio online Comida y bebida;335.89;2;Comida y bebida
cargo proveedor habitual Comida y bebida;256.60;2;Comida y bebida
compra comercio local Comida y bebida;267.70;2;Comida y bebida
movimiento comercio local Comida y bebida;218.19;2;Comida y bebida
factura proveedor habitual Comida y bebida;262.32;2;Comida y bebida
movimiento servicio online Comida y bebida;84.95;2;Comida y bebida
movimiento servicio online Comida y bebida;334.15;2;Comida y bebida
movimiento servicio online Comida y bebida;258.91;2;Comida y bebida
compra servicio online Comida y bebida;8.46;2;Comida y bebida
movimiento servicio online Comida y bebida;80.95;2;Comida y bebida
factura servicio online Comida y bebida;227.42;2;Comida y bebida
compra proveedor habitual Comida y bebida;211.59;2;Comida y bebida
compra servicio online Comida y bebida;125.24;2;Comida y bebida
compra comercio local Comida y bebida;340.51;2;Comida y bebida
factura comercio local Comida y bebida;117.25;2;Comida y bebida
pago tarjeta comercio local Comida y bebida;70.31;2;Comida y bebida
factura servicio online Comida y bebida;277.41;2;Comida y bebida
compra proveedor habitual Comida y bebida;142.26;2;Comida y bebida
movimiento proveedor habitual Comida y bebida;118.88;2;Comida y bebida
pago tarjeta comercio local Comida y bebida;55.42;2;Comida y bebida
ticket proveedor habitual Comida y bebida;65.90;2;Comida y bebida
cargo comercio local Comida y bebida;137.62;2;Comida y bebida
compra comercio local Comida y bebida;315.72;2;Comida y bebida
ticket comercio local Comida y bebida;61.26;2;Comida y bebida
factura proveedor habitual Comida y bebida;118.49;2;Comida y bebida
compra comercio local Comida y bebida;326.05;2;Comida y bebida
movimiento comercio local Comida y bebida;209.34;2;Comida y bebida
pago tarjeta comercio local Comida y bebida;251.05;2;Comida y bebida
cargo comercio local Comida y bebida;297.85;2;Comida y bebida
cargo servicio online Comida y bebida;223.73;2;Comida y bebida
movimiento proveedor habitual Comida y bebida;235.93;2;Comida y bebida
ticket proveedor habitual Comida y bebida;30.30;2;Comida y bebida
movimiento proveedor habitual Comida y bebida;121.45;2;Comida y bebida
factura comercio local Comida y bebida;10.21;2;Comida y bebida
compra comercio local Comida y bebida;264.98;2;Comida y bebida
pago tarjeta proveedor habitual Comida y bebida;312.73;2;Comida y bebida
compra proveedor habitual Comida y bebida;7.31;2;Comida y bebida
ticket comercio local Comida y bebida;236.12;2;Comida y bebida
factura comercio local Comida y bebida;215.05;2;Comida y bebida
compra comercio local Compras;331.47;2;Compras
movimiento comercio local Compras;303.32;2;Compras
ticket comercio local Compras;335.68;2;Compras
pago tarjeta proveedor habitual Compras;160.38;2;Compras
compra proveedor habitual Compras;331.31;2;Compras
compra proveedor habitual Compras;135.49;2;Compras
cargo comercio local Compras;178.99;2;Compras
ticket proveedor habitual Compras;40.72;2;Compras
factura servicio online Compras;62.71;2;Compras
cargo comercio local Compras;143.07;2;Compras
factura proveedor habitual Compras;232.94;2;Compras
compra comercio local Compras;228.65;2;Compras
pago tarjeta proveedor habitual Compras;94.90;2;Compras
pago tarjeta comercio local Compras;179.84;2;Compras
cargo proveedor habitual Compras;6.96;2;Compras
cargo comercio local Compras;187.67;2;Compras
ticket proveedor habitual Compras;320.71;2;Compras
pago tarjeta proveedor habitual Compras;252.23;2;Compras
ticket proveedor habitual Compras;296.20;2;Compras
cargo comercio local Compras;280.98;2;Compras
cargo servicio online Compras;64.09;2;Compras
factura comercio local Compras;144.49;2;Compras
ticket servicio online Compras;141.28;2;Compras
compra servicio online Compras;295.81;2;Compras
factura comercio local Compras;219.22;2;Compras
cargo comercio local Compras;56.32;2;Compras
ticket proveedor habitual Compras;272.21;2;Compras
ticket servicio online Compras;94.98;2;Compras
cargo comercio local Compras;111.35;2;Compras
movimiento servicio online Compras;147.04;2;Compras
factura comercio local Compras;21.37;2;Compras
compra servicio online Compras;244.52;2;Compras
pago tarjeta proveedor habitual Compras;173.78;2;Compras
factura servicio online Compras;321.91;2;Compras
ticket servicio online Compras;315.27;2;Compras
compra proveedor habitual Compras;241.69;2;Compras
factura proveedor habitual Compras;49.69;2;Compras
ticket comercio local Compras;34.42;2;Compras
pago tarjeta proveedor habitual Compras;197.09;2;Compras
compra servicio online Compras;218.29;2;Compras
cargo comercio local Compras;349.39;2;Compras
factura comercio local Compras;127.00;2;Compras
ticket servicio online Compras;144.51;2;Compras
factura servicio online Compras;104.70;2;Compras
cargo comercio local Compras;301.40;2;Compras
ticket servicio online Compras;158.17;2;Compras
ticket servicio online Compras;148.70;2;Compras
factura proveedor habitual Compras;136.99;2;Compras
compra proveedor habitual Compras;319.70;2;Compras
movimiento servicio online Compras;279.16;2;Compras
factura comercio local Compras;70.07;2;Compras
movimiento proveedor habitual Compras;212.24;2;Compras
pago tarjeta proveedor habitual Compras;187.80;2;Compras
cargo servicio online Compras;248.19;2;Compras
pago tarjeta comercio local Compras;307.28;2;Compras
ticket servicio online Compras;267.91;2;Compras
pago tarjeta proveedor habitual Compras;142.93;2;Compras
ticket proveedor habitual Compras;236.44;2;Compras
factura servicio online Compras;183.81;2;Compras
cargo proveedor habitual Compras;277.69;2;Compras
movimiento proveedor habitual Cultura y eventos;75.76;2;Cultura y eventos
movimiento servicio online Cultura y eventos;264.66;2;Cultura y eventos
movimiento comercio local Cultura y eventos;105.91;2;Cultura y eventos
movimiento servicio online Cultura y eventos;41.43;2;Cultura y eventos
factura proveedor habitual Cultura y eventos;248.41;2;Cultura y eventos
movimiento comercio local Cultura y eventos;71.60;2;Cultura y eventos
cargo servicio online Cultura y eventos;38.20;2;Cultura y eventos
factura proveedor habitual Cultura y eventos;22.81;2;Cultura y eventos
factura proveedor habitual Cultura y eventos;220.61;2;Cultura y eventos
cargo proveedor habitual Cultura y eventos;202.29;2;Cultura y eventos
compra comercio local Cultura y eventos;193.47;2;Cultura y eventos
cargo proveedor habitual Cultura y eventos;111.07;2;Cultura y eventos
pago tarjeta comercio local Cultura y eventos;70.82;2;Cultura y eventos
cargo comercio local Cultura y eventos;84.28;2;Cultura y eventos
movimiento servicio online Cultura y eventos;45.89;2;Cultura y eventos
factura servicio online Cultura y eventos;304.45;2;Cultura y eventos
factura comercio local Cultura y eventos;111.10;2;Cultura y eventos
pago tarjeta proveedor habitual Cultura y eventos;303.38;2;Cultura y eventos
movimiento servicio online Cultura y eventos;337.24;2;Cultura y eventos
ticket servicio online Cultura y eventos;255.75;2;Cultura y eventos
factura comercio local Cultura y eventos;125.02;2;Cultura y eventos
cargo servicio online Cultura y eventos;45.33;2;Cultura y eventos
compra servicio online Cultura y eventos;199.77;2;Cultura y eventos
factura servicio online Cultura y eventos;49.57;2;Cultura y eventos
ticket proveedor habitual Cultura y eventos;131.49;2;Cultura y eventos
compra comercio local Cultura y eventos;150.72;2;Cultura y eventos
movimiento comercio local Cultura y eventos;188.58;2;Cultura y eventos
ticket servicio online Cultura y eventos;66.61;2;Cultura y eventos
movimiento servicio online Cultura y eventos;342.14;2;Cultura y eventos
pago tarjeta comercio local Cultura y eventos;24.00;2;Cultura y eventos
pago tarjeta proveedor habitual Cultura y eventos;306.19;2;Cultura y eventos
compra proveedor habitual Cultura y eventos;273.59;2;Cultura y eventos
movimiento comercio local Cultura y eventos;134.45;2;Cultura y eventos
pago tarjeta comercio local Cultura y eventos;254.19;2;Cultura y eventos
factura proveedor habitual Cultura y eventos;156.34;2;Cultura y eventos
compra servicio online Cultura y eventos;108.56;2;Cultura y eventos
cargo proveedor habitual Cultura y eventos;279.97;2;Cultura y eventos
ticket servicio online Cultura y eventos;231.56;2;Cultura y eventos
ticket servicio online Cultura y eventos;307.19;2;Cultura y eventos
compra proveedor habitual Cultura y eventos;176.39;2;Cultura y eventos
movimiento servicio online Cultura y eventos;228.17;2;Cultura y eventos
cargo servicio online Cultura y eventos;315.32;2;Cultura y eventos
ticket servicio online Cultura y eventos;229.16;2;Cultura y eventos
pago tarjeta proveedor habitual Cultura y eventos;101.32;2;Cultura y eventos
cargo servicio online Cultura y eventos;208.82;2;Cultura y eventos
ticket servicio online Cultura y eventos;261.47;2;Cultura y eventos
cargo servicio online Cultura y eventos;139.83;2;Cultura y eventos
factura comercio local Cultura y eventos;31.04;2;Cultura y eventos
pago tarjeta servicio online Cultura y eventos;220.94;2;Cultura y eventos
pago tarjeta comercio local Cultura y eventos;135.97;2;Cultura y eventos
pago tarjeta proveedor habitual Cultura y eventos;226.86;2;Cultura y eventos
factura proveedor habitual Cultura y eventos;151.71;2;Cultura y eventos
ticket comercio local Cultura y eventos;277.87;2;Cultura y eventos
compra comercio local Cultura y eventos;217.19;2;Cultura y eventos
movimiento proveedor habitual Cultura y eventos;178.35;2;Cultura y eventos
ticket servicio online Cultura y eventos;269.78;2;Cultura y eventos
factura proveedor habitual Cultura y eventos;180.65;2;Cultura y eventos
compra proveedor habitual Cultura y eventos;82.08;2;Cultura y eventos
ticket proveedor habitual Cultura y eventos;279.23;2;Cultura y eventos
movimiento servicio online Cultura y eventos;336.70;2;Cultura y eventos
ticket comercio local Deporte y fitness;131.58;2;Deporte y fitness
cargo proveedor habitual Deporte y fitness;278.09;2;Deporte y fitness
factura comercio local Deporte y fitness;192.81;2;Deporte y fitness
ticket comercio local Deporte y fitness;6.35;2;Deporte y fitness
factura comercio local Deporte y fitness;181.08;2;Deporte y fitness
pago tarjeta servicio online Deporte y fitness;178.57;2;Deporte y fitness
ticket comercio local Deporte y fitness;50.87;2;Deporte y fitness
pago tarjeta proveedor habitual Deporte y fitness;181.72;2;Deporte y fitness
pago tarjeta proveedor habitual Deporte y fitness;190.65;2;Deporte y fitness
ticket comercio local Deporte y fitness;26.01;2;Deporte y fitness
factura comercio local Deporte y fitness;76.31;2;Deporte y fitness
cargo comercio local Deporte y fitness;310.70;2;Deporte y fitness
movimiento comercio local Deporte y fitness;145.02;2;Deporte y fitness
movimiento comercio local Deporte y fitness;63.41;2;Deporte y fitness
ticket proveedor habitual Deporte y fitness;40.58;2;Deporte y fitness
compra comercio local Deporte y fitness;282.49;2;Deporte y fitness
compra servicio online Deporte y fitness;64.52;2;Deporte y fitness
compra servicio online Deporte y fitness;10.27;2;Deporte y fitness
factura comercio local Deporte y fitness;339.08;2;Deporte y fitness
movimiento servicio online Deporte y fitness;104.62;2;Deporte y fitness
pago tarjeta comercio local Deporte y fitness;290.54;2;Deporte y fitness
factura proveedor habitual Deporte y fitness;54.13;2;Deporte y fitness
pago tarjeta proveedor habitual Deporte y fitness;222.54;2;Deporte y fitness
pago tarjeta proveedor habitual Deporte y fitness;334.89;2;Deporte y fitness
movimiento comercio local Deporte y fitness;14.39;2;Deporte y fitness
factura servicio online Deporte y fitness;104.23;2;Deporte y fitness
compra proveedor habitual Deporte y fitness;189.08;2;Deporte y fitness
movimiento comercio local Deporte y fitness;20.49;2;Deporte y fitness
movimiento servicio online Deporte y fitness;157.68;2;Deporte y fitness
movimiento proveedor habitual Deporte y fitness;210.27;2;Deporte y fitness
ticket comercio local Deporte y fitness;143.14;2;Deporte y fitness
compra comercio local Deporte y fitness;68.10;2;Deporte y fitness
movimiento proveedor habitual Deporte y fitness;345.62;2;Deporte y fitness
movimiento servicio online Deporte y fitness;266.64;2;Deporte y fitness
pago tarjeta servicio online Deporte y fitness;345.56;2;Deporte y fitness
movimiento servicio online Deporte y fitness;36.22;2;Deporte y fitness
compra comercio local Deporte y fitness;245.67;2;Deporte y fitness
cargo comercio local Deporte y fitness;196.19;2;Deporte y fitness
compra servicio online Deporte y fitness;122.42;2;Deporte y fitness
movimiento servicio online Deporte y fitness;236.02;2;Deporte y fitness
cargo servicio online Deporte y fitness;304.90;2;Deporte y fitness
compra servicio online Deporte y fitness;67.00;2;Deporte y fitness
cargo servicio online Deporte y fitness;244.20;2;Deporte y fitness
compra comercio local Deporte y fitness;277.61;2;Deporte y fitness
pago tarjeta servicio online Deporte y fitness;145.36;2;Deporte y fitness
cargo comercio local Deporte y fitness;260.31;2;Deporte y fitness
factura comercio local Deporte y fitness;6.54;2;Deporte y fitness
compra comercio local Deporte y fitness;286.07;2;Deporte y fitness
factura comercio local Deporte y fitness;333.20;2;Deporte y fitness
ticket servicio online Deporte y fitness;170.34;2;Deporte y fitness
movimiento comercio local Deporte y fitness;94.66;2;Deporte y fitness
cargo comercio local Deporte y fitness;347.29;2;Deporte y fitness
ticket servicio online Deporte y fitness;82.12;2;Deporte y fitness
movimiento servicio online Deporte y fitness;9.72;2;Deporte y fitness
factura proveedor habitual Deporte y fitness;349.04;2;Deporte y fitness
movimiento servicio online Deporte y fitness;254.48;2;Deporte y fitness
compra servicio online Deporte y fitness;234.61;2;Deporte y fitness
factura proveedor habitual Deporte y fitness;253.32;2;Deporte y fitness
movimiento servicio online Deporte y fitness;158.50;2;Deporte y fitness
ticket proveedor habitual Deporte y fitness;271.43;2;Deporte y fitness
cargo servicio online Donaciones;237.73;2;Donaciones
ticket servicio online Donaciones;50.17;2;Donaciones
compra comercio local Donaciones;80.38;2;Donaciones
movimiento comercio local Donaciones;322.13;2;Donaciones
movimiento servicio online Donaciones;39.74;2;Donaciones
movimiento comercio local Donaciones;132.05;2;Donaciones
pago tarjeta servicio online Donaciones;264.19;2;Donaciones
factura proveedor habitual Donaciones;48.33;2;Donaciones
factura servicio online Donaciones;16.65;2;Donaciones
cargo comercio local Donaciones;287.64;2;Donaciones
pago tarjeta servicio online Donaciones;259.07;2;Donaciones
ticket servicio online Donaciones;150.46;2;Donaciones
cargo servicio online Donaciones;333.59;2;Donaciones
ticket comercio local Donaciones;334.86;2;Donaciones
pago tarjeta proveedor habitual Donaciones;176.74;2;Donaciones
ticket proveedor habitual Donaciones;56.11;2;Donaciones
movimiento proveedor habitual Donaciones;231.15;2;Donaciones
movimiento servicio online Donaciones;95.46;2;Donaciones
compra proveedor habitual Donaciones;286.77;2;Donaciones
movimiento proveedor habitual Donaciones;319.90;2;Donaciones
pago tarjeta proveedor habitual Donaciones;15.18;2;Donaciones
ticket comercio local Donaciones;153.49;2;Donaciones
compra comercio local Donaciones;283.63;2;Donaciones
compra comercio local Donaciones;39.04;2;Donaciones
factura comercio local Donaciones;122.93;2;Donaciones
cargo proveedor habitual Donaciones;227.03;2;Donaciones
movimiento servicio online Donaciones;221.41;2;Donaciones
ticket proveedor habitual Donaciones;196.79;2;Donaciones
ticket servicio online Donaciones;249.14;2;Donaciones
ticket servicio online Donaciones;322.95;2;Donaciones
compra proveedor habitual Donaciones;206.22;2;Donaciones
pago tarjeta proveedor habitual Donaciones;192.55;2;Donaciones
cargo servicio online Donaciones;246.96;2;Donaciones
cargo servicio online Donaciones;183.90;2;Donaciones
pago tarjeta servicio online Donaciones;166.09;2;Donaciones
movimiento proveedor habitual Donaciones;112.41;2;Donaciones
compra comercio local Donaciones;268.60;2;Donaciones
movimiento comercio local Donaciones;39.11;2;Donaciones
cargo comercio local Donaciones;329.25;2;Donaciones
ticket comercio local Donaciones;339.75;2;Donaciones
movimiento proveedor habitual Donaciones;97.91;2;Donaciones
cargo proveedor habitual Donaciones;141.97;2;Donaciones
ticket comercio local Donaciones;343.87;2;Donaciones
compra comercio local Donaciones;316.59;2;Donaciones
ticket proveedor habitual Donaciones;37.60;2;Donaciones
pago tarjeta servicio online Donaciones;331.45;2;Donaciones
factura comercio local Donaciones;297.44;2;Donaciones
cargo comercio local Donaciones;109.78;2;Donaciones
pago tarjeta proveedor habitual Donaciones;178.55;2;Donaciones
movimiento servicio online Donaciones;111.97;2;Donaciones
factura servicio online Donaciones;196.40;2;Donaciones
compra comercio local Donaciones;131.78;2;Donaciones
ticket servicio online Donaciones;350.59;2;Donaciones
ticket servicio online Donaciones;15.03;2;Donaciones
cargo servicio online Donaciones;55.02;2;Donaciones
compra proveedor habitual Donaciones;13.87;2;Donaciones
cargo proveedor habitual Donaciones;87.40;2;Donaciones
ticket proveedor habitual Donaciones;256.46;2;Donaciones
cargo proveedor habitual Donaciones;120.73;2;Donaciones
factura servicio online Donaciones;194.38;2;Donaciones
pago tarjeta servicio online Educacion;211.04;2;Educacion
pago tarjeta comercio local Educacion;323.31;2;Educacion
movimiento comercio local Educacion;200.22;2;Educacion
pago tarjeta servicio online Educacion;256.39;2;Educacion
cargo proveedor habitual Educacion;63.53;2;Educacion
pago tarjeta servicio online Educacion;7.24;2;Educacion
pago tarjeta proveedor habitual Educacion;136.94;2;Educacion
cargo servicio online Educacion;265.03;2;Educacion
pago tarjeta servicio online Educacion;306.63;2;Educacion
ticket proveedor habitual Educacion;191.37;2;Educacion
factura proveedor habitual Educacion;177.66;2;Educacion
ticket proveedor habitual Educacion;342.41;2;Educacion
factura servicio online Educacion;239.10;2;Educacion
cargo proveedor habitual Educacion;88.03;2;Educacion
cargo servicio online Educacion;178.88;2;Educacion
cargo servicio online Educacion;184.13;2;Educacion
ticket proveedor habitual Educacion;14.66;2;Educacion
ticket proveedor habitual Educacion;209.13;2;Educacion
movimiento comercio local Educacion;285.76;2;Educacion
ticket servicio online Educacion;138.83;2;Educacion
factura servicio online Educacion;280.26;2;Educacion
factura comercio local Educacion;223.83;2;Educacion
compra comercio local Educacion;127.94;2;Educacion
compra comercio local Educacion;155.31;2;Educacion
factura comercio local Educacion;43.75;2;Educacion
ticket proveedor habitual Educacion;257.21;2;Educacion
pago tarjeta proveedor habitual Educacion;317.20;2;Educacion
compra comercio local Educacion;305.34;2;Educacion
compra proveedor habitual Educacion;94.05;2;Educacion
compra servicio online Educacion;137.33;2;Educacion
compra servicio online Educacion;337.08;2;Educacion
ticket proveedor habitual Educacion;130.50;2;Educacion
compra proveedor habitual Educacion;73.74;2;Educacion
factura servicio online Educacion;221.93;2;Educacion
ticket proveedor habitual Educacion;54.62;2;Educacion
pago tarjeta servicio online Educacion;341.79;2;Educacion
pago tarjeta comercio local Educacion;238.47;2;Educacion
pago tarjeta proveedor habitual Educacion;275.64;2;Educacion
ticket proveedor habitual Educacion;305.50;2;Educacion
ticket servicio online Educacion;202.56;2;Educacion
compra comercio local Educacion;308.63;2;Educacion
factura proveedor habitual Educacion;230.84;2;Educacion
compra comercio local Educacion;139.21;2;Educacion
compra servicio online Educacion;259.87;2;Educacion
ticket proveedor habitual Educacion;328.51;2;Educacion
factura comercio local Educacion;147.70;2;Educacion
cargo servicio online Educacion;257.67;2;Educacion
pago tarjeta comercio local Educacion;239.30;2;Educacion
ticket proveedor habitual Educacion;45.81;2;Educacion
pago tarjeta comercio local Educacion;203.02;2;Educacion
pago tarjeta proveedor habitual Educacion;239.16;2;Educacion
pago tarjeta proveedor habitual Educacion;72.49;2;Educacion
compra proveedor habitual Educacion;228.02;2;Educacion
cargo comercio local Educacion;53.99;2;Educacion
cargo comercio local Educacion;264.73;2;Educacion
compra proveedor habitual Educacion;268.24;2;Educacion
compra servicio online Educacion;306.72;2;Educacion
ticket comercio local Educacion;57.52;2;Educacion
ticket servicio online Educacion;290.83;2;Educacion
factura servicio online Educacion;301.83;2;Educacion
movimiento amazon Electronica;132.64;2;Electronica
compra pccomponentes Electronica;324.13;2;Electronica
movimiento media markt Electronica;289.05;2;Electronica
movimiento amazon Electronica;207.37;2;Electronica
factura pccomponentes Electronica;329.40;2;Electronica
pago tarjeta pccomponentes Electronica;202.46;2;Electronica
factura pccomponentes Electronica;17.02;2;Electronica
movimiento amazon Electronica;297.00;2;Electronica
compra amazon Electronica;40.61;2;Electronica
movimiento amazon Electronica;221.37;2;Electronica
cargo amazon Electronica;274.36;2;Electronica
movimiento pccomponentes Electronica;238.31;2;Electronica
pago tarjeta media markt Electronica;12.35;2;Electronica
compra media markt Electronica;240.87;2;Electronica
factura amazon Electronica;40.57;2;Electronica
ticket pccomponentes Electronica;294.02;2;Electronica
movimiento media markt Electronica;218.35;2;Electronica
factura amazon Electronica;176.55;2;Electronica
compra pccomponentes Electronica;268.10;2;Electronica
ticket pccomponentes Electronica;71.63;2;Electronica
compra amazon Electronica;254.91;2;Electronica
movimiento amazon Electronica;288.18;2;Electronica
movimiento amazon Electronica;165.93;2;Electronica
ticket amazon Electronica;147.96;2;Electronica
movimiento pccomponentes Electronica;19.63;2;Electronica
factura amazon Electronica;309.67;2;Electronica
pago tarjeta pccomponentes Electronica;6.20;2;Electronica
cargo pccomponentes Electronica;229.13;2;Electronica
cargo pccomponentes Electronica;122.17;2;Electronica
movimiento pccomponentes Electronica;302.77;2;Electronica
ticket amazon Electronica;129.34;2;Electronica
factura media markt Electronica;213.53;2;Electronica
pago tarjeta pccomponentes Electronica;10.87;2;Electronica
cargo pccomponentes Electronica;147.32;2;Electronica
ticket pccomponentes Electronica;313.23;2;Electronica
factura pccomponentes Electronica;306.96;2;Electronica
cargo media markt Electronica;139.11;2;Electronica
cargo amazon Electronica;260.60;2;Electronica
movimiento media markt Electronica;19.32;2;Electronica
cargo amazon Electronica;246.42;2;Electronica
compra amazon Electronica;25.91;2;Electronica
ticket amazon Electronica;278.50;2;Electronica
factura amazon Electronica;42.52;2;Electronica
compra media markt Electronica;336.35;2;Electronica
ticket pccomponentes Electronica;261.28;2;Electronica
ticket media markt Electronica;188.08;2;Electronica
pago tarjeta pccomponentes Electronica;208.44;2;Electronica
compra amazon Electronica;165.49;2;Electronica
ticket amazon Electronica;87.71;2;Electronica
factura amazon Electronica;132.38;2;Electronica
movimiento media markt Electronica;280.07;2;Electronica
cargo pccomponentes Electronica;43.96;2;Electronica
movimiento pccomponentes Electronica;257.06;2;Electronica
ticket pccomponentes Electronica;165.23;2;Electronica
cargo amazon Electronica;282.57;2;Electronica
cargo media markt Electronica;159.08;2;Electronica
ticket media markt Electronica;213.58;2;Electronica
ticket amazon Electronica;8.39;2;Electronica
compra media markt Electronica;102.99;2;Electronica
ticket media markt Electronica;312.65;2;Electronica
compra farmacia guardia Farmacia;85.33;2;Farmacia
factura farmacia central Farmacia;303.46;2;Farmacia
factura farmacia central Farmacia;326.63;2;Farmacia
cargo farmacia central Farmacia;314.66;2;Farmacia
factura farmacia guardia Farmacia;311.83;2;Farmacia
pago tarjeta farmacia guardia Farmacia;334.65;2;Farmacia
cargo farmacia central Farmacia;315.59;2;Farmacia
ticket farmacia guardia Farmacia;317.37;2;Farmacia
ticket farmacia guardia Farmacia;271.82;2;Farmacia
factura farmacia guardia Farmacia;336.28;2;Farmacia
pago tarjeta farmacia guardia Farmacia;108.77;2;Farmacia
pago tarjeta farmacia guardia Farmacia;220.70;2;Farmacia
cargo farmacia guardia Farmacia;321.18;2;Farmacia
cargo farmacia central Farmacia;127.52;2;Farmacia
factura farmacia central Farmacia;309.74;2;Farmacia
cargo farmacia guardia Farmacia;221.06;2;Farmacia
movimiento farmacia central Farmacia;188.17;2;Farmacia
factura farmacia guardia Farmacia;78.79;2;Farmacia
pago tarjeta farmacia central Farmacia;155.90;2;Farmacia
cargo farmacia guardia Farmacia;261.40;2;Farmacia
compra farmacia guardia Farmacia;251.76;2;Farmacia
compra farmacia guardia Farmacia;228.18;2;Farmacia
movimiento farmacia central Farmacia;136.59;2;Farmacia
factura farmacia guardia Farmacia;348.22;2;Farmacia
cargo farmacia central Farmacia;38.01;2;Farmacia
ticket farmacia central Farmacia;255.79;2;Farmacia
compra farmacia central Farmacia;205.34;2;Farmacia
factura farmacia central Farmacia;233.26;2;Farmacia
pago tarjeta farmacia central Farmacia;49.62;2;Farmacia
cargo farmacia central Farmacia;138.95;2;Farmacia
ticket farmacia central Farmacia;118.19;2;Farmacia
compra farmacia central Farmacia;317.14;2;Farmacia
ticket farmacia guardia Farmacia;128.40;2;Farmacia
factura farmacia guardia Farmacia;12.08;2;Farmacia
factura farmacia guardia Farmacia;279.48;2;Farmacia
cargo farmacia guardia Farmacia;61.40;2;Farmacia
ticket farmacia central Farmacia;103.04;2;Farmacia
compra farmacia guardia Farmacia;237.92;2;Farmacia
cargo farmacia guardia Farmacia;241.38;2;Farmacia
ticket farmacia guardia Farmacia;345.60;2;Farmacia
movimiento farmacia central Farmacia;243.15;2;Farmacia
compra farmacia central Farmacia;177.42;2;Farmacia
cargo farmacia central Farmacia;237.50;2;Farmacia
movimiento farmacia central Farmacia;227.18;2;Farmacia
movimiento farmacia guardia Farmacia;63.76;2;Farmacia
cargo farmacia central Farmacia;40.96;2;Farmacia
movimiento farmacia central Farmacia;238.97;2;Farmacia
cargo farmacia guardia Farmacia;332.91;2;Farmacia
pago tarjeta farmacia guardia Farmacia;225.33;2;Farmacia
compra farmacia guardia Farmacia;239.69;2;Farmacia
pago tarjeta farmacia central Farmacia;30.09;2;Farmacia
factura farmacia central Farmacia;9.02;2;Farmacia
cargo farmacia central Farmacia;293.75;2;Farmacia
factura farmacia central Farmacia;20.25;2;Farmacia
compra farmacia guardia Farmacia;336.74;2;Farmacia
movimiento farmacia guardia Farmacia;340.25;2;Farmacia
pago tarjeta farmacia central Farmacia;110.29;2;Farmacia
ticket farmacia guardia Farmacia;212.28;2;Farmacia
pago tarjeta farmacia guardia Farmacia;176.19;2;Farmacia
movimiento farmacia guardia Farmacia;105.35;2;Farmacia
movimiento comercio local Financiero;342.85;2;Financiero
factura comercio local Financiero;207.23;2;Financiero
factura servicio online Financiero;152.66;2;Financiero
cargo servicio online Financiero;300.57;2;Financiero
factura comercio local Financiero;41.32;2;Financiero
pago tarjeta proveedor habitual Financiero;113.71;2;Financiero
movimiento comercio local Financiero;30.98;2;Financiero
compra proveedor habitual Financiero;118.38;2;Financiero
cargo proveedor habitual Financiero;115.37;2;Financiero
pago tarjeta proveedor habitual Financiero;269.87;2;Financiero
ticket servicio online Financiero;314.40;2;Financiero
pago tarjeta proveedor habitual Financiero;226.54;2;Financiero
pago tarjeta servicio online Financiero;260.34;2;Financiero
ticket proveedor habitual Financiero;175.10;2;Financiero
ticket comercio local Financiero;175.03;2;Financiero
compra servicio online Financiero;102.16;2;Financiero
factura servicio online Financiero;313.69;2;Financiero
compra servicio online Financiero;19.41;2;Financiero
cargo servicio online Financiero;109.54;2;Financiero
pago tarjeta proveedor habitual Financiero;24.40;2;Financiero
pago tarjeta proveedor habitual Financiero;333.53;2;Financiero
movimiento proveedor habitual Financiero;45.14;2;Financiero
movimiento servicio online Financiero;115.55;2;Financiero
compra proveedor habitual Financiero;340.63;2;Financiero
cargo comercio local Financiero;224.60;2;Financiero
factura proveedor habitual Financiero;124.89;2;Financiero
movimiento comercio local Financiero;292.83;2;Financiero
factura proveedor habitual Financiero;93.56;2;Financiero
pago tarjeta comercio local Financiero;343.47;2;Financiero
compra proveedor habitual Financiero;21.82;2;Financiero
cargo comercio local Financiero;184.61;2;Financiero
pago tarjeta proveedor habitual Financiero;197.29;2;Financiero
ticket servicio online Financiero;314.65;2;Financiero
movimiento proveedor habitual Financiero;275.83;2;Financiero
movimiento comercio local Financiero;173.57;2;Financiero
movimiento proveedor habitual Financiero;346.03;2;Financiero
compra servicio online Financiero;113.32;2;Financiero
ticket comercio local Financiero;77.86;2;Financiero
compra comercio local Financiero;67.88;2;Financiero
ticket proveedor habitual Financiero;67.38;2;Financiero
compra proveedor habitual Financiero;99.68;2;Financiero
compra servicio online Financiero;337.51;2;Financiero
cargo comercio local Financiero;179.15;2;Financiero
movimiento proveedor habitual Financiero;170.08;2;Financiero
factura servicio online Financiero;159.68;2;Financiero
pago tarjeta servicio online Financiero;152.57;2;Financiero
compra proveedor habitual Financiero;248.78;2;Financiero
factura comercio local Financiero;85.76;2;Financiero
factura comercio local Financiero;134.55;2;Financiero
cargo proveedor habitual Financiero;56.90;2;Financiero
factura proveedor habitual Financiero;347.27;2;Financiero
movimiento comercio local Financiero;202.09;2;Financiero
ticket servicio online Financiero;81.19;2;Financiero
movimiento comercio local Financiero;98.87;2;Financiero
pago tarjeta comercio local Financiero;54.15;2;Financiero
ticket proveedor habitual Financiero;232.41;2;Financiero
factura servicio online Financiero;146.10;2;Financiero
compra servicio online Financiero;71.41;2;Financiero
factura proveedor habitual Financiero;155.46;2;Financiero
movimiento proveedor habitual Financiero;49.35;2;Financiero
compra comercio local Food & Drinks Other;87.01;2;Food & Drinks Other
pago tarjeta servicio online Food & Drinks Other;11.60;2;Food & Drinks Other
compra comercio local Food & Drinks Other;180.30;2;Food & Drinks Other
pago tarjeta comercio local Food & Drinks Other;110.04;2;Food & Drinks Other
movimiento proveedor habitual Food & Drinks Other;58.25;2;Food & Drinks Other
factura proveedor habitual Food & Drinks Other;231.59;2;Food & Drinks Other
movimiento proveedor habitual Food & Drinks Other;151.95;2;Food & Drinks Other
cargo proveedor habitual Food & Drinks Other;264.58;2;Food & Drinks Other
ticket comercio local Food & Drinks Other;180.33;2;Food & Drinks Other
pago tarjeta proveedor habitual Food & Drinks Other;257.76;2;Food & Drinks Other
ticket proveedor habitual Food & Drinks Other;55.69;2;Food & Drinks Other
compra comercio local Food & Drinks Other;124.99;2;Food & Drinks Other
pago tarjeta servicio online Food & Drinks Other;306.30;2;Food & Drinks Other
compra servicio online Food & Drinks Other;35.31;2;Food & Drinks Other
cargo servicio online Food & Drinks Other;341.38;2;Food & Drinks Other
ticket comercio local Food & Drinks Other;15.06;2;Food & Drinks Other
ticket proveedor habitual Food & Drinks Other;186.28;2;Food & Drinks Other
pago tarjeta comercio local Food & Drinks Other;78.17;2;Food & Drinks Other
factura comercio local Food & Drinks Other;195.84;2;Food & Drinks Other
pago tarjeta comercio local Food & Drinks Other;253.23;2;Food & Drinks Other
compra servicio online Food & Drinks Other;210.30;2;Food & Drinks Other
ticket comercio local Food & Drinks Other;183.57;2;Food & Drinks Other
factura servicio online Food & Drinks Other;247.52;2;Food & Drinks Other
ticket servicio online Food & Drinks Other;276.82;2;Food & Drinks Other
ticket servicio online Food & Drinks Other;155.26;2;Food & Drinks Other
movimiento comercio local Food & Drinks Other;343.87;2;Food & Drinks Other
ticket proveedor habitual Food & Drinks Other;10.82;2;Food & Drinks Other
compra servicio online Food & Drinks Other;154.15;2;Food & Drinks Other
cargo servicio online Food & Drinks Other;257.27;2;Food & Drinks Other
ticket comercio local Food & Drinks Other;67.51;2;Food & Drinks Other
movimiento servicio online Food & Drinks Other;192.37;2;Food & Drinks Other
pago tarjeta comercio local Food & Drinks Other;190.16;2;Food & Drinks Other
compra comercio local Food & Drinks Other;262.17;2;Food & Drinks Other
ticket servicio online Food & Drinks Other;214.81;2;Food & Drinks Other
factura proveedor habitual Food & Drinks Other;294.64;2;Food & Drinks Other
ticket proveedor habitual Food & Drinks Other;244.88;2;Food & Drinks Other
ticket proveedor habitual Food & Drinks Other;217.02;2;Food & Drinks Other
compra proveedor habitual Food & Drinks Other;318.50;2;Food & Drinks Other
pago tarjeta proveedor habitual Food & Drinks Other;248.33;2;Food & Drinks Other
factura comercio local Food & Drinks Other;44.69;2;Food & Drinks Other
movimiento comercio local Food & Drinks Other;302.08;2;Food & Drinks Other
compra proveedor habitual Food & Drinks Other;74.00;2;Food & Drinks Other
compra proveedor habitual Food & Drinks Other;42.61;2;Food & Drinks Other
compra servicio online Food & Drinks Other;35.11;2;Food & Drinks Other
ticket servicio online Food & Drinks Other;341.98;2;Food & Drinks Other
movimiento servicio online Food & Drinks Other;93.17;2;Food & Drinks Other
cargo proveedor habitual Food & Drinks Other;85.01;2;Food & Drinks Other
compra proveedor habitual Food & Drinks Other;67.02;2;Food & Drinks Other
movimiento proveedor habitual Food & Drinks Other;198.43;2;Food & Drinks Other
pago tarjeta servicio online Food & Drinks Other;113.88;2;Food & Drinks Other
compra comercio local Food & Drinks Other;181.71;2;Food & Drinks Other
cargo proveedor habitual Food & Drinks Other;142.83;2;Food & Drinks Other
cargo proveedor habitual Food & Drinks Other;177.29;2;Food & Drinks Other
compra comercio local Food & Drinks Other;332.08;2;Food & Drinks Other
pago tarjeta comercio local Food & Drinks Other;8.22;2;Food & Drinks Other
pago tarjeta proveedor habitual Food & Drinks Other;163.09;2;Food & Drinks Other
cargo comercio local Food & Drinks Other;89.63;2;Food & Drinks Other
ticket proveedor habitual Food & Drinks Other;56.54;2;Food & Drinks Other
factura proveedor habitual Food & Drinks Other;69.56;2;Food & Drinks Other
movimiento comercio local Food & Drinks Other;243.64;2;Food & Drinks Other
movimiento comercio local Gastos;50.40;2;Gastos
cargo comercio local Gastos;254.13;2;Gastos
pago tarjeta comercio local Gastos;248.57;2;Gastos
pago tarjeta comercio local Gastos;256.13;2;Gastos
movimiento comercio local Gastos;338.85;2;Gastos
ticket comercio local Gastos;85.38;2;Gastos
pago tarjeta proveedor habitual Gastos;122.87;2;Gastos
ticket comercio local Gastos;299.10;2;Gastos
factura servicio online Gastos;302.67;2;Gastos
movimiento proveedor habitual Gastos;187.08;2;Gastos
pago tarjeta proveedor habitual Gastos;286.01;2;Gastos
movimiento comercio local Gastos;172.17;2;Gastos
ticket servicio online Gastos;264.30;2;Gastos
cargo servicio online Gastos;311.32;2;Gastos
factura proveedor habitual Gastos;103.72;2;Gastos
pago tarjeta proveedor habitual Gastos;336.92;2;Gastos
factura proveedor habitual Gastos;178.23;2;Gastos
cargo proveedor habitual Gastos;97.25;2;Gastos
cargo servicio online Gastos;109.97;2;Gastos
compra comercio local Gastos;149.94;2;Gastos
movimiento proveedor habitual Gastos;304.89;2;Gastos
cargo servicio online Gastos;275.96;2;Gastos
movimiento servicio online Gastos;64.57;2;Gastos
factura comercio local Gastos;304.27;2;Gastos
pago tarjeta proveedor habitual Gastos;97.37;2;Gastos
pago tarjeta proveedor habitual Gastos;87.79;2;Gastos
compra comercio local Gastos;150.49;2;Gastos
pago tarjeta comercio local Gastos;159.27;2;Gastos
movimiento servicio online Gastos;74.51;2;Gastos
ticket comercio local Gastos;172.31;2;Gastos
factura comercio local Gastos;79.04;2;Gastos
compra proveedor habitual Gastos;131.43;2;Gastos
cargo comercio local Gastos;315.22;2;Gastos
movimiento servicio online Gastos;84.21;2;Gastos
pago tarjeta proveedor habitual Gastos;6.72;2;Gastos
compra proveedor habitual Gastos;338.11;2;Gastos
pago tarjeta comercio local Gastos;30.24;2;Gastos
compra comercio local Gastos;76.31;2;Gastos
pago tarjeta servicio online Gastos;70.70;2;Gastos
factura proveedor habitual Gastos;82.77;2;Gastos
factura servicio online Gastos;303.93;2;Gastos
factura comercio local Gastos;84.09;2;Gastos
movimiento proveedor habitual Gastos;205.81;2;Gastos
movimiento servicio online Gastos;328.69;2;Gastos
compra proveedor habitual Gastos;276.10;2;Gastos
movimiento servicio online Gastos;38.38;2;Gastos
ticket servicio online Gastos;47.32;2;Gastos
ticket proveedor habitual Gastos;309.92;2;Gastos
factura servicio online Gastos;149.70;2;Gastos
movimiento servicio online Gastos;222.36;2;Gastos
pago tarjeta proveedor habitual Gastos;283.68;2;Gastos
movimiento servicio online Gastos;333.36;2;Gastos
cargo servicio online Gastos;268.03;2;Gastos
ticket proveedor habitual Gastos;221.20;2;Gastos
factura comercio local Gastos;228.04;2;Gastos
ticket proveedor habitual Gastos;309.34;2;Gastos
cargo proveedor habitual Gastos;326.36;2;Gastos
movimiento proveedor habitual Gastos;114.72;2;Gastos
ticket comercio local Gastos;318.85;2;Gastos
movimiento servicio online Gastos;25.73;2;Gastos
compra servicio online Gastos profesionales;257.86;2;Gastos profesionales
movimiento comercio local Gastos profesionales;156.38;2;Gastos profesionales
movimiento comercio local Gastos profesionales;101.25;2;Gastos profesionales
cargo servicio online Gastos profesionales;41.29;2;Gastos profesionales
ticket servicio online Gastos profesionales;44.37;2;Gastos profesionales
factura proveedor habitual Gastos profesionales;110.52;2;Gastos profesionales
ticket proveedor habitual Gastos profesionales;44.49;2;Gastos profesionales
cargo servicio online Gastos profesionales;290.40;2;Gastos profesionales
compra proveedor habitual Gastos profesionales;251.06;2;Gastos profesionales
cargo comercio local Gastos profesionales;135.93;2;Gastos profesionales
cargo comercio local Gastos profesionales;75.51;2;Gastos profesionales
factura comercio local Gastos profesionales;160.10;2;Gastos profesionales
movimiento servicio online Gastos profesionales;190.81;2;Gastos profesionales
cargo servicio online Gastos profesionales;52.68;2;Gastos profesionales
pago tarjeta servicio online Gastos profesionales;204.08;2;Gastos profesionales
movimiento proveedor habitual Gastos profesionales;234.67;2;Gastos profesionales
compra servicio online Gastos profesionales;330.34;2;Gastos profesionales
cargo proveedor habitual Gastos profesionales;168.78;2;Gastos profesionales
cargo servicio online Gastos profesionales;295.20;2;Gastos profesionales
ticket servicio online Gastos profesionales;27.88;2;Gastos profesionales
ticket proveedor habitual Gastos profesionales;138.82;2;Gastos profesionales
ticket servicio online Gastos profesionales;186.53;2;Gastos profesionales
movimiento servicio online Gastos profesionales;279.46;2;Gastos profesionales
ticket servicio online Gastos profesionales;230.53;2;Gastos profesionales
factura servicio online Gastos profesionales;38.19;2;Gastos profesionales
factura proveedor habitual Gastos profesionales;189.43;2;Gastos profesionales
cargo comercio local Gastos profesionales;213.59;2;Gastos profesionales
cargo proveedor habitual Gastos profesionales;132.91;2;Gastos profesionales
factura proveedor habitual Gastos profesionales;328.11;2;Gastos profesionales
factura proveedor habitual Gastos profesionales;265.59;2;Gastos profesionales
compra proveedor habitual Gastos profesionales;266.94;2;Gastos profesionales
cargo servicio online Gastos profesionales;146.98;2;Gastos profesionales
factura proveedor habitual Gastos profesionales;242.28;2;Gastos profesionales
ticket comercio local Gastos profesionales;198.58;2;Gastos profesionales
cargo comercio local Gastos profesionales;36.49;2;Gastos profesionales
compra proveedor habitual Gastos profesionales;26.63;2;Gastos profesionales
cargo comercio local Gastos profesionales;220.54;2;Gastos profesionales
pago tarjeta comercio local Gastos profesionales;123.68;2;Gastos profesionales
compra comercio local Gastos profesionales;294.80;2;Gastos profesionales
cargo comercio local Gastos profesionales;212.35;2;Gastos profesionales
factura proveedor habitual Gastos profesionales;318.26;2;Gastos profesionales
compra comercio local Gastos profesionales;150.11;2;Gastos profesionales
factura servicio online Gastos profesionales;84.53;2;Gastos profesionales
cargo comercio local Gastos profesionales;62.69;2;Gastos profesionales
compra servicio online Gastos profesionales;183.26;2;Gastos profesionales
movimiento proveedor habitual Gastos profesionales;209.15;2;Gastos profesionales
movimiento servicio online Gastos profesionales;73.90;2;Gastos profesionales
cargo proveedor habitual Gastos profesionales;271.15;2;Gastos profesionales
pago tarjeta servicio online Gastos profesionales;132.00;2;Gastos profesionales
movimiento comercio local Gastos profesionales;6.71;2;Gastos profesionales
movimiento servicio online Gastos profesionales;185.26;2;Gastos profesionales
compra proveedor habitual Gastos profesionales;258.45;2;Gastos profesionales
pago tarjeta comercio local Gastos profesionales;248.89;2;Gastos profesionales
compra comercio local Gastos profesionales;247.45;2;Gastos profesionales
movimiento servicio online Gastos profesionales;214.56;2;Gastos profesionales
cargo comercio local Gastos profesionales;157.91;2;Gastos profesionales
compra comercio local Gastos profesionales;193.49;2;Gastos profesionales
cargo comercio local Gastos profesionales;34.52;2;Gastos profesionales
cargo comercio local Gastos profesionales;140.94;2;Gastos profesionales
compra comercio local Gastos profesionales;78.64;2;Gastos profesionales
pago tarjeta comercio local Health & Beauty Other;89.61;2;Health & Beauty Other
ticket comercio local Health & Beauty Other;42.71;2;Health & Beauty Other
ticket servicio online Health & Beauty Other;74.44;2;Health & Beauty Other
ticket proveedor habitual Health & Beauty Other;303.67;2;Health & Beauty Other
cargo proveedor habitual Health & Beauty Other;224.93;2;Health & Beauty Other
movimiento servicio online Health & Beauty Other;247.85;2;Health & Beauty Other
movimiento proveedor habitual Health & Beauty Other;246.25;2;Health & Beauty Other
movimiento proveedor habitual Health & Beauty Other;126.08;2;Health & Beauty Other
compra comercio local Health & Beauty Other;238.17;2;Health & Beauty Other
factura comercio local Health & Beauty Other;222.98;2;Health & Beauty Other
pago tarjeta servicio online Health & Beauty Other;95.58;2;Health & Beauty Other
movimiento servicio online Health & Beauty Other;255.45;2;Health & Beauty Other
compra proveedor habitual Health & Beauty Other;262.98;2;Health & Beauty Other
movimiento servicio online Health & Beauty Other;156.64;2;Health & Beauty Other
ticket comercio local Health & Beauty Other;291.55;2;Health & Beauty Other
movimiento comercio local Health & Beauty Other;282.42;2;Health & Beauty Other
factura comercio local Health & Beauty Other;173.52;2;Health & Beauty Other
ticket servicio online Health & Beauty Other;163.42;2;Health & Beauty Other
factura comercio local Health & Beauty Other;11.73;2;Health & Beauty Other
pago tarjeta servicio online Health & Beauty Other;156.52;2;Health & Beauty Other
cargo comercio local Health & Beauty Other;204.16;2;Health & Beauty Other
pago tarjeta comercio local Health & Beauty Other;55.63;2;Health & Beauty Other
pago tarjeta proveedor habitual Health & Beauty Other;317.40;2;Health & Beauty Other
factura comercio local Health & Beauty Other;126.88;2;Health & Beauty Other
movimiento comercio local Health & Beauty Other;184.09;2;Health & Beauty Other
compra servicio online Health & Beauty Other;227.06;2;Health & Beauty Other
pago tarjeta comercio local Health & Beauty Other;304.60;2;Health & Beauty Other
compra proveedor habitual Health & Beauty Other;254.96;2;Health & Beauty Other
compra comercio local Health & Beauty Other;149.95;2;Health & Beauty Other
pago tarjeta comercio local Health & Beauty Other;119.85;2;Health & Beauty Other
ticket servicio online Health & Beauty Other;278.15;2;Health & Beauty Other
ticket comercio local Health & Beauty Other;299.82;2;Health & Beauty Other
movimiento comercio local Health & Beauty Other;307.52;2;Health & Beauty Other
compra proveedor habitual Health & Beauty Other;232.21;2;Health & Beauty Other
compra comercio local Health & Beauty Other;139.69;2;Health & Beauty Other
factura proveedor habitual Health & Beauty Other;210.11;2;Health & Beauty Other
compra servicio online Health & Beauty Other;80.42;2;Health & Beauty Other
factura proveedor habitual Health & Beauty Other;295.15;2;Health & Beauty Other
cargo comercio local Health & Beauty Other;330.23;2;Health & Beauty Other
ticket proveedor habitual Health & Beauty Other;158.16;2;Health & Beauty Other
factura proveedor habitual Health & Beauty Other;262.84;2;Health & Beauty Other
cargo servicio online Health & Beauty Other;101.75;2;Health & Beauty Other
pago tarjeta proveedor habitual Health & Beauty Other;90.93;2;Health & Beauty Other
cargo servicio online Health & Beauty Other;322.12;2;Health & Beauty Other
factura proveedor habitual Health & Beauty Other;226.57;2;Health & Beauty Other
cargo comercio local Health & Beauty Other;202.54;2;Health & Beauty Other
ticket proveedor habitual Health & Beauty Other;213.83;2;Health & Beauty Other
compra proveedor habitual Health & Beauty Other;50.17;2;Health & Beauty Other
factura comercio local Health & Beauty Other;319.82;2;Health & Beauty Other
factura servicio online Health & Beauty Other;339.47;2;Health & Beauty Other
compra servicio online Health & Beauty Other;160.82;2;Health & Beauty Other
compra comercio local Health & Beauty Other;169.07;2;Health & Beauty Other
cargo servicio online Health & Beauty Other;6.78;2;Health & Beauty Other
ticket comercio local Health & Beauty Other;279.19;2;Health & Beauty Other
pago tarjeta comercio local Health & Beauty Other;183.94;2;Health & Beauty Other
factura servicio online Health & Beauty Other;254.54;2;Health & Beauty Other
ticket comercio local Health & Beauty Other;244.80;2;Health & Beauty Other
cargo proveedor habitual Health & Beauty Other;299.60;2;Health & Beauty Other
pago tarjeta servicio online Health & Beauty Other;217.87;2;Health & Beauty Other
compra servicio online Health & Beauty Other;256.58;2;Health & Beauty Other
compra banco hipoteca Hipoteca e intereses;1096.76;2;Hipoteca e intereses
ticket cuota hipotecaria Hipoteca e intereses;724.90;2;Hipoteca e intereses
pago tarjeta banco hipoteca Hipoteca e intereses;541.14;2;Hipoteca e intereses
factura banco hipoteca Hipoteca e intereses;1280.08;2;Hipoteca e intereses
compra cuota hipotecaria Hipoteca e intereses;637.21;2;Hipoteca e intereses
factura banco hipoteca Hipoteca e intereses;1308.88;2;Hipoteca e intereses
movimiento cuota hipotecaria Hipoteca e intereses;1280.11;2;Hipoteca e intereses
ticket cuota hipotecaria Hipoteca e intereses;1086.81;2;Hipoteca e intereses
factura banco hipoteca Hipoteca e intereses;1288.00;2;Hipoteca e intereses
ticket cuota hipotecaria Hipoteca e intereses;1109.75;2;Hipoteca e intereses
pago tarjeta cuota hipotecaria Hipoteca e intereses;960.33;2;Hipoteca e intereses
ticket cuota hipotecaria Hipoteca e intereses;696.05;2;Hipoteca e intereses
cargo banco hipoteca Hipoteca e intereses;1365.28;2;Hipoteca e intereses
cargo banco hipoteca Hipoteca e intereses;599.25;2;Hipoteca e intereses
ticket banco hipoteca Hipoteca e intereses;936.97;2;Hipoteca e intereses
pago tarjeta banco hipoteca Hipoteca e intereses;960.86;2;Hipoteca e intereses
movimiento cuota hipotecaria Hipoteca e intereses;1216.29;2;Hipoteca e intereses
movimiento cuota hipotecaria Hipoteca e intereses;857.41;2;Hipoteca e intereses
factura cuota hipotecaria Hipoteca e intereses;638.06;2;Hipoteca e intereses
cargo cuota hipotecaria Hipoteca e intereses;556.04;2;Hipoteca e intereses
pago tarjeta cuota hipotecaria Hipoteca e intereses;1356.78;2;Hipoteca e intereses
movimiento banco hipoteca Hipoteca e intereses;1333.74;2;Hipoteca e intereses
factura banco hipoteca Hipoteca e intereses;1480.78;2;Hipoteca e intereses
cargo banco hipoteca Hipoteca e intereses;564.12;2;Hipoteca e intereses
movimiento banco hipoteca Hipoteca e intereses;505.99;2;Hipoteca e intereses
ticket banco hipoteca Hipoteca e intereses;756.58;2;Hipoteca e intereses
pago tarjeta cuota hipotecaria Hipoteca e intereses;1339.32;2;Hipoteca e intereses
movimiento cuota hipotecaria Hipoteca e intereses;721.40;2;Hipoteca e intereses
movimiento banco hipoteca Hipoteca e intereses;1065.27;2;Hipoteca e intereses
ticket banco hipoteca Hipoteca e intereses;638.19;2;Hipoteca e intereses
ticket cuota hipotecaria Hipoteca e intereses;1063.27;2;Hipoteca e intereses
compra cuota hipotecaria Hipoteca e intereses;1364.43;2;Hipoteca e intereses
movimiento banco hipoteca Hipoteca e intereses;914.86;2;Hipoteca e intereses
factura cuota hipotecaria Hipoteca e intereses;982.86;2;Hipoteca e intereses
ticket cuota hipotecaria Hipoteca e intereses;1209.48;2;Hipoteca e intereses
pago tarjeta cuota hipotecaria Hipoteca e intereses;1344.33;2;Hipoteca e intereses
ticket banco hipoteca Hipoteca e intereses;695.44;2;Hipoteca e intereses
compra cuota hipotecaria Hipoteca e intereses;1389.57;2;Hipoteca e intereses
ticket banco hipoteca Hipoteca e intereses;1385.00;2;Hipoteca e intereses
ticket cuota hipotecaria Hipoteca e intereses;1355.32;2;Hipoteca e intereses
cargo cuota hipotecaria Hipoteca e intereses;1080.59;2;Hipoteca e intereses
factura banco hipoteca Hipoteca e intereses;856.34;2;Hipoteca e intereses
ticket cuota hipotecaria Hipoteca e intereses;881.19;2;Hipoteca e intereses
movimiento cuota hipotecaria Hipoteca e intereses;634.31;2;Hipoteca e intereses
cargo cuota hipotecaria Hipoteca e intereses;728.81;2;Hipoteca e intereses
factura banco hipoteca Hipoteca e intereses;1435.12;2;Hipoteca e intereses
movimiento cuota hipotecaria Hipoteca e intereses;1475.21;2;Hipoteca e intereses
cargo cuota hipotecaria Hipoteca e intereses;758.16;2;Hipoteca e intereses
cargo cuota hipotecaria Hipoteca e intereses;806.00;2;Hipoteca e intereses
pago tarjeta banco hipoteca Hipoteca e intereses;1159.19;2;Hipoteca e intereses
compra cuota hipotecaria Hipoteca e intereses;974.08;2;Hipoteca e intereses
pago tarjeta banco hipoteca Hipoteca e intereses;834.47;2;Hipoteca e intereses
cargo cuota hipotecaria Hipoteca e intereses;996.93;2;Hipoteca e intereses
ticket banco hipoteca Hipoteca e intereses;706.97;2;Hipoteca e intereses
factura banco hipoteca Hipoteca e intereses;739.22;2;Hipoteca e intereses
movimiento cuota hipotecaria Hipoteca e intereses;533.31;2;Hipoteca e intereses
compra cuota hipotecaria Hipoteca e intereses;826.39;2;Hipoteca e intereses
ticket banco hipoteca Hipoteca e intereses;653.70;2;Hipoteca e intereses
movimiento cuota hipotecaria Hipoteca e intereses;1415.61;2;Hipoteca e intereses
pago tarjeta banco hipoteca Hipoteca e intereses;563.71;2;Hipoteca e intereses
compra comercio local Hobby y deporte;60.26;2;Hobby y deporte
factura servicio online Hobby y deporte;226.17;2;Hobby y deporte
pago tarjeta servicio online Hobby y deporte;169.51;2;Hobby y deporte
compra servicio online Hobby y deporte;319.16;2;Hobby y deporte
movimiento servicio online Hobby y deporte;242.32;2;Hobby y deporte
cargo proveedor habitual Hobby y deporte;20.32;2;Hobby y deporte
cargo proveedor habitual Hobby y deporte;140.12;2;Hobby y deporte
compra comercio local Hobby y deporte;292.49;2;Hobby y deporte
cargo servicio online Hobby y deporte;150.94;2;Hobby y deporte
ticket servicio online Hobby y deporte;139.61;2;Hobby y deporte
movimiento comercio local Hobby y deporte;66.54;2;Hobby y deporte
movimiento proveedor habitual Hobby y deporte;162.43;2;Hobby y deporte
factura servicio online Hobby y deporte;279.15;2;Hobby y deporte
cargo servicio online Hobby y deporte;71.91;2;Hobby y deporte
factura proveedor habitual Hobby y deporte;343.18;2;Hobby y deporte
ticket servicio online Hobby y deporte;186.56;2;Hobby y deporte
pago tarjeta proveedor habitual Hobby y deporte;342.11;2;Hobby y deporte
pago tarjeta proveedor habitual Hobby y deporte;221.99;2;Hobby y deporte
movimiento servicio online Hobby y deporte;254.59;2;Hobby y deporte
cargo comercio local Hobby y deporte;55.05;2;Hobby y deporte
movimiento servicio online Hobby y deporte;152.41;2;Hobby y deporte
pago tarjeta servicio online Hobby y deporte;165.16;2;Hobby y deporte
movimiento comercio local Hobby y deporte;149.65;2;Hobby y deporte
movimiento comercio local Hobby y deporte;55.28;2;Hobby y deporte
ticket comercio local Hobby y deporte;224.62;2;Hobby y deporte
compra comercio local Hobby y deporte;319.53;2;Hobby y deporte
cargo proveedor habitual Hobby y deporte;299.48;2;Hobby y deporte
pago tarjeta comercio local Hobby y deporte;316.23;2;Hobby y deporte
factura proveedor habitual Hobby y deporte;139.01;2;Hobby y deporte
ticket comercio local Hobby y deporte;149.42;2;Hobby y deporte
ticket comercio local Hobby y deporte;95.88;2;Hobby y deporte
factura servicio online Hobby y deporte;293.64;2;Hobby y deporte
ticket comercio local Hobby y deporte;6.17;2;Hobby y deporte
ticket proveedor habitual Hobby y deporte;175.90;2;Hobby y deporte
movimiento proveedor habitual Hobby y deporte;42.42;2;Hobby y deporte
pago tarjeta proveedor habitual Hobby y deporte;198.34;2;Hobby y deporte
ticket proveedor habitual Hobby y deporte;138.48;2;Hobby y deporte
ticket proveedor habitual Hobby y deporte;65.48;2;Hobby y deporte
ticket servicio online Hobby y deporte;69.09;2;Hobby y deporte
compra servicio online Hobby y deporte;282.28;2;Hobby y deporte
movimiento comercio local Hobby y deporte;163.89;2;Hobby y deporte
cargo comercio local Hobby y deporte;348.86;2;Hobby y deporte
pago tarjeta comercio local Hobby y deporte;285.83;2;Hobby y deporte
factura proveedor habitual Hobby y deporte;297.39;2;Hobby y deporte
movimiento servicio online Hobby y deporte;265.17;2;Hobby y deporte
cargo servicio online Hobby y deporte;82.72;2;Hobby y deporte
ticket proveedor habitual Hobby y deporte;10.55;2;Hobby y deporte
pago tarjeta comercio local Hobby y deporte;186.91;2;Hobby y deporte
compra proveedor habitual Hobby y deporte;71.22;2;Hobby y deporte
pago tarjeta comercio local Hobby y deporte;129.77;2;Hobby y deporte
cargo proveedor habitual Hobby y deporte;289.34;2;Hobby y deporte
compra servicio online Hobby y deporte;236.86;2;Hobby y deporte
factura servicio online Hobby y deporte;133.40;2;Hobby y deporte
pago tarjeta servicio online Hobby y deporte;11.19;2;Hobby y deporte
ticket comercio local Hobby y deporte;249.50;2;Hobby y deporte
movimiento proveedor habitual Hobby y deporte;329.35;2;Hobby y deporte
ticket proveedor habitual Hobby y deporte;86.01;2;Hobby y deporte
pago tarjeta servicio online Hobby y deporte;220.27;2;Hobby y deporte
cargo servicio online Hobby y deporte;216.06;2;Hobby y deporte
cargo proveedor habitual Hobby y deporte;327.36;2;Hobby y deporte
cargo servicio online Hogar y servicios;205.50;2;Hogar y servicios
pago tarjeta comercio local Hogar y servicios;117.66;2;Hogar y servicios
factura comercio local Hogar y servicios;240.02;2;Hogar y servicios
cargo proveedor habitual Hogar y servicios;129.03;2;Hogar y servicios
pago tarjeta proveedor habitual Hogar y servicios;30.72;2;Hogar y servicios
movimiento comercio local Hogar y servicios;291.59;2;Hogar y servicios
ticket comercio local Hogar y servicios;274.86;2;Hogar y servicios
compra comercio local Hogar y servicios;204.46;2;Hogar y servicios
pago tarjeta proveedor habitual Hogar y servicios;297.32;2;Hogar y servicios
pago tarjeta proveedor habitual Hogar y servicios;85.45;2;Hogar y servicios
movimiento proveedor habitual Hogar y servicios;159.74;2;Hogar y servicios
movimiento comercio local Hogar y servicios;212.12;2;Hogar y servicios
compra proveedor habitual Hogar y servicios;206.32;2;Hogar y servicios
ticket comercio local Hogar y servicios;31.10;2;Hogar y servicios
pago tarjeta servicio online Hogar y servicios;33.35;2;Hogar y servicios
factura proveedor habitual Hogar y servicios;75.27;2;Hogar y servicios
movimiento comercio local Hogar y servicios;206.44;2;Hogar y servicios
factura proveedor habitual Hogar y servicios;15.97;2;Hogar y servicios
movimiento servicio online Hogar y servicios;339.55;2;Hogar y servicios
ticket proveedor habitual Hogar y servicios;154.91;2;Hogar y servicios
pago tarjeta comercio local Hogar y servicios;315.51;2;Hogar y servicios
cargo comercio local Hogar y servicios;182.63;2;Hogar y servicios
ticket servicio online Hogar y servicios;318.01;2;Hogar y servicios
movimiento comercio local Hogar y servicios;319.85;2;Hogar y servicios
ticket servicio online Hogar y servicios;247.22;2;Hogar y servicios
ticket comercio local Hogar y servicios;147.36;2;Hogar y servicios
cargo servicio online Hogar y servicios;320.25;2;Hogar y servicios
pago tarjeta comercio local Hogar y servicios;103.84;2;Hogar y servicios
cargo servicio online Hogar y servicios;83.03;2;Hogar y servicios
cargo servicio online Hogar y servicios;166.77;2;Hogar y servicios
cargo servicio online Hogar y servicios;182.12;2;Hogar y servicios
cargo comercio local Hogar y servicios;231.01;2;Hogar y servicios
factura comercio local Hogar y servicios;331.04;2;Hogar y servicios
compra comercio local Hogar y servicios;10.31;2;Hogar y servicios
factura proveedor habitual Hogar y servicios;177.46;2;Hogar y servicios
ticket comercio local Hogar y servicios;102.25;2;Hogar y servicios
movimiento proveedor habitual Hogar y servicios;172.68;2;Hogar y servicios
movimiento servicio online Hogar y servicios;181.15;2;Hogar y servicios
factura proveedor habitual Hogar y servicios;193.15;2;Hogar y servicios
ticket servicio online Hogar y servicios;122.63;2;Hogar y servicios
compra proveedor habitual Hogar y servicios;238.21;2;Hogar y servicios
pago tarjeta comercio local Hogar y servicios;172.61;2;Hogar y servicios
compra comercio local Hogar y servicios;118.26;2;Hogar y servicios
pago tarjeta comercio local Hogar y servicios;226.27;2;Hogar y servicios
compra servicio online Hogar y servicios;133.42;2;Hogar y servicios
movimiento proveedor habitual Hogar y servicios;236.52;2;Hogar y servicios
cargo servicio online Hogar y servicios;101.82;2;Hogar y servicios
movimiento comercio local Hogar y servicios;44.82;2;Hogar y servicios
movimiento proveedor habitual Hogar y servicios;209.50;2;Hogar y servicios
cargo servicio online Hogar y servicios;170.88;2;Hogar y servicios
cargo proveedor habitual Hogar y servicios;314.95;2;Hogar y servicios
cargo proveedor habitual Hogar y servicios;325.59;2;Hogar y servicios
movimiento servicio online Hogar y servicios;39.83;2;Hogar y servicios
movimiento comercio local Hogar y servicios;207.04;2;Hogar y servicios
ticket comercio local Hogar y servicios;234.23;2;Hogar y servicios
factura proveedor habitual Hogar y servicios;53.54;2;Hogar y servicios
cargo proveedor habitual Hogar y servicios;195.99;2;Hogar y servicios
pago tarjeta proveedor habitual Hogar y servicios;137.15;2;Hogar y servicios
movimiento comercio local Hogar y servicios;287.65;2;Hogar y servicios
ticket comercio local Hogar y servicios;30.47;2;Hogar y servicios
movimiento proveedor habitual Household & Services Other;300.49;2;Household & Services Other
movimiento proveedor habitual Household & Services Other;334.66;2;Household & Services Other
ticket servicio online Household & Services Other;249.76;2;Household & Services Other
ticket proveedor habitual Household & Services Other;50.86;2;Household & Services Other
cargo servicio online Household & Services Other;315.28;2;Household & Services Other
pago tarjeta servicio online Household & Services Other;10.54;2;Household & Services Other
cargo proveedor habitual Household & Services Other;129.16;2;Household & Services Other
movimiento proveedor habitual Household & Services Other;220.98;2;Household & Services Other
factura servicio online Household & Services Other;116.02;2;Household & Services Other
movimiento comercio local Household & Services Other;259.04;2;Household & Services Other
pago tarjeta comercio local Household & Services Other;266.17;2;Household & Services Other
factura servicio online Household & Services Other;128.49;2;Household & Services Other
cargo servicio online Household & Services Other;133.18;2;Household & Services Other
movimiento servicio online Household & Services Other;346.29;2;Household & Services Other
factura comercio local Household & Services Other;234.86;2;Household & Services Other
factura proveedor habitual Household & Services Other;245.90;2;Household & Services Other
pago tarjeta proveedor habitual Household & Services Other;8.49;2;Household & Services Other
ticket proveedor habitual Household & Services Other;201.46;2;Household & Services Other
compra servicio online Household & Services Other;119.79;2;Household & Services Other
movimiento servicio online Household & Services Other;62.48;2;Household & Services Other
pago tarjeta proveedor habitual Household & Services Other;54.97;2;Household & Services Other
compra servicio online Household & Services Other;98.79;2;Household & Services Other
compra comercio local Household & Services Other;32.27;2;Household & Services Other
pago tarjeta servicio online Household & Services Other;180.90;2;Household & Services Other
cargo comercio local Household & Services Other;314.58;2;Household & Services Other
ticket servicio online Household & Services Other;171.05;2;Household & Services Other
factura servicio online Household & Services Other;284.61;2;Household & Services Other
movimiento proveedor habitual Household & Services Other;27.34;2;Household & Services Other
factura comercio local Household & Services Other;302.21;2;Household & Services Other
movimiento proveedor habitual Household & Services Other;213.06;2;Household & Services Other
pago tarjeta servicio online Household & Services Other;321.17;2;Household & Services Other
movimiento comercio local Household & Services Other;89.17;2;Household & Services Other
compra servicio online Household & Services Other;121.23;2;Household & Services Other
movimiento comercio local Household & Services Other;18.89;2;Household & Services Other
factura comercio local Household & Services Other;319.07;2;Household & Services Other
ticket comercio local Household & Services Other;38.62;2;Household & Services Other
movimiento servicio online Household & Services Other;157.14;2;Household & Services Other
movimiento proveedor habitual Household & Services Other;44.99;2;Household & Services Other
cargo comercio local Household & Services Other;52.78;2;Household & Services Other
cargo servicio online Household & Services Other;329.25;2;Household & Services Other
ticket comercio local Household & Services Other;110.83;2;Household & Services Other
factura servicio online Household & Services Other;76.49;2;Household & Services Other
factura servicio online Household & Services Other;83.22;2;Household & Services Other
movimiento servicio online Household & Services Other;203.82;2;Household & Services Other
compra proveedor habitual Household & Services Other;229.07;2;Household & Services Other
movimiento servicio online Household & Services Other;37.21;2;Household & Services Other
factura comercio local Household & Services Other;147.70;2;Household & Services Other
ticket comercio local Household & Services Other;40.57;2;Household & Services Other
compra proveedor habitual Household & Services Other;184.14;2;Household & Services Other
compra proveedor habitual Household & Services Other;310.02;2;Household & Services Other
compra proveedor habitual Household & Services Other;64.64;2;Household & Services Other
movimiento proveedor habitual Household & Services Other;227.66;2;Household & Services Other
cargo proveedor habitual Household & Services Other;16.47;2;Household & Services Other
movimiento comercio local Household & Services Other;6.21;2;Household & Services Other
cargo comercio local Household & Services Other;222.08;2;Household & Services Other
ticket proveedor habitual Household & Services Other;337.84;2;Household & Services Other
cargo comercio local Household & Services Other;125.24;2;Household & Services Other
cargo servicio online Household & Services Other;111.09;2;Household & Services Other
cargo proveedor habitual Household & Services Other;97.94;2;Household & Services Other
cargo servicio online Household & Services Other;316.49;2;Household & Services Other
ingreso proveedor habitual Ingresos;544.51;1;Ingresos
transferencia recibida proveedor habitual Ingresos;307.81;1;Ingresos
transferencia recibida comercio local Ingresos;755.64;1;Ingresos
cobro proveedor habitual Ingresos;565.05;1;Ingresos
transferencia recibida servicio online Ingresos;460.90;1;Ingresos
abono servicio online Ingresos;71.76;1;Ingresos
ingreso servicio online Ingresos;135.24;1;Ingresos
entrada comercio local Ingresos;756.76;1;Ingresos
abono proveedor habitual Ingresos;320.82;1;Ingresos
abono comercio local Ingresos;269.58;1;Ingresos
cobro servicio online Ingresos;448.71;1;Ingresos
ingreso comercio local Ingresos;135.09;1;Ingresos
transferencia recibida comercio local Ingresos;353.18;1;Ingresos
entrada comercio local Ingresos;749.03;1;Ingresos
cobro servicio online Ingresos;339.71;1;Ingresos
cobro comercio local Ingresos;642.79;1;Ingresos
ingreso proveedor habitual Ingresos;657.74;1;Ingresos
abono comercio local Ingresos;840.11;1;Ingresos
cobro servicio online Ingresos;90.41;1;Ingresos
ingreso servicio online Ingresos;735.23;1;Ingresos
ingreso servicio online Ingresos;141.65;1;Ingresos
abono comercio local Ingresos;87.01;1;Ingresos
entrada servicio online Ingresos;151.77;1;Ingresos
entrada proveedor habitual Ingresos;750.02;1;Ingresos
ingreso proveedor habitual Ingresos;257.56;1;Ingresos
transferencia recibida servicio online Ingresos;319.36;1;Ingresos
cobro comercio local Ingresos;314.31;1;Ingresos
entrada proveedor habitual Ingresos;560.69;1;Ingresos
ingreso proveedor habitual Ingresos;530.89;1;Ingresos
entrada proveedor habitual Ingresos;223.91;1;Ingresos
transferencia recibida comercio local Ingresos;543.40;1;Ingresos
transferencia recibida proveedor habitual Ingresos;506.21;1;Ingresos
abono comercio local Ingresos;855.36;1;Ingresos
entrada proveedor habitual Ingresos;253.18;1;Ingresos
transferencia recibida comercio local Ingresos;277.34;1;Ingresos
cobro servicio online Ingresos;219.66;1;Ingresos
cobro comercio local Ingresos;672.20;1;Ingresos
entrada servicio online Ingresos;383.28;1;Ingresos
ingreso servicio online Ingresos;48.09;1;Ingresos
ingreso servicio online Ingresos;850.70;1;Ingresos
ingreso servicio online Ingresos;700.33;1;Ingresos
ingreso comercio local Ingresos;121.24;1;Ingresos
cobro proveedor habitual Ingresos;643.99;1;Ingresos
abono comercio local Ingresos;593.23;1;Ingresos
cobro comercio local Ingresos;720.98;1;Ingresos
abono proveedor habitual Ingresos;745.23;1;Ingresos
cobro comercio local Ingresos;871.54;1;Ingresos
transferencia recibida servicio online Ingresos;365.44;1;Ingresos
entrada servicio online Ingresos;717.99;1;Ingresos
abono comercio local Ingresos;32.30;1;Ingresos
abono servicio online Ingresos;679.05;1;Ingresos
ingreso comercio local Ingresos;736.82;1;Ingresos
entrada comercio local Ingresos;607.47;1;Ingresos
transferencia recibida comercio local Ingresos;767.64;1;Ingresos
transferencia recibida servicio online Ingresos;52.23;1;Ingresos
cobro comercio local Ingresos;126.32;1;Ingresos
cobro proveedor habitual Ingresos;172.98;1;Ingresos
ingreso servicio online Ingresos;96.31;1;Ingresos
cobro comercio local Ingresos;455.65;1;Ingresos
cobro servicio online Ingresos;866.47;1;Ingresos
compra comercio local Internet y tecnologia;244.93;2;Internet y tecnologia
factura servicio online Internet y tecnologia;141.13;2;Internet y tecnologia
cargo proveedor habitual Internet y tecnologia;289.58;2;Internet y tecnologia
pago tarjeta proveedor habitual Internet y tecnologia;313.93;2;Internet y tecnologia
movimiento comercio local Internet y tecnologia;207.18;2;Internet y tecnologia
pago tarjeta comercio local Internet y tecnologia;282.66;2;Internet y tecnologia
pago tarjeta servicio online Internet y tecnologia;45.91;2;Internet y tecnologia
pago tarjeta proveedor habitual Internet y tecnologia;257.66;2;Internet y tecnologia
cargo proveedor habitual Internet y tecnologia;350.40;2;Internet y tecnologia
pago tarjeta proveedor habitual Internet y tecnologia;107.81;2;Internet y tecnologia
compra servicio online Internet y tecnologia;222.10;2;Internet y tecnologia
pago tarjeta proveedor habitual Internet y tecnologia;191.95;2;Internet y tecnologia
cargo proveedor habitual Internet y tecnologia;171.90;2;Internet y tecnologia
factura proveedor habitual Internet y tecnologia;204.17;2;Internet y tecnologia
compra proveedor habitual Internet y tecnologia;222.66;2;Internet y tecnologia
factura comercio local Internet y tecnologia;99.34;2;Internet y tecnologia
compra proveedor habitual Internet y tecnologia;304.90;2;Internet y tecnologia
compra proveedor habitual Internet y tecnologia;13.11;2;Internet y tecnologia
factura proveedor habitual Internet y tecnologia;19.06;2;Internet y tecnologia
compra comercio local Internet y tecnologia;51.37;2;Internet y tecnologia
movimiento proveedor habitual Internet y tecnologia;332.30;2;Internet y tecnologia
factura servicio online Internet y tecnologia;34.61;2;Internet y tecnologia
pago tarjeta proveedor habitual Internet y tecnologia;184.14;2;Internet y tecnologia
cargo comercio local Internet y tecnologia;260.83;2;Internet y tecnologia
ticket servicio online Internet y tecnologia;296.82;2;Internet y tecnologia
factura servicio online Internet y tecnologia;212.27;2;Internet y tecnologia
factura servicio online Internet y tecnologia;326.06;2;Internet y tecnologia
cargo comercio local Internet y tecnologia;119.48;2;Internet y tecnologia
movimiento proveedor habitual Internet y tecnologia;346.94;2;Internet y tecnologia
compra comercio local Internet y tecnologia;157.05;2;Internet y tecnologia
cargo proveedor habitual Internet y tecnologia;211.39;2;Internet y tecnologia
ticket proveedor habitual Internet y tecnologia;329.91;2;Internet y tecnologia
compra servicio online Internet y tecnologia;161.57;2;Internet y tecnologia
movimiento servicio online Internet y tecnologia;178.20;2;Internet y tecnologia
movimiento comercio local Internet y tecnologia;46.79;2;Internet y tecnologia
ticket proveedor habitual Internet y tecnologia;229.24;2;Internet y tecnologia
cargo proveedor habitual Internet y tecnologia;93.70;2;Internet y tecnologia
movimiento proveedor habitual Internet y tecnologia;174.51;2;Internet y tecnologia
compra comercio local Internet y tecnologia;26.81;2;Internet y tecnologia
compra servicio online Internet y tecnologia;223.73;2;Internet y tecnologia
compra comercio local Internet y tecnologia;333.18;2;Internet y tecnologia
movimiento proveedor habitual Internet y tecnologia;143.16;2;Internet y tecnologia
cargo comercio local Internet y tecnologia;247.73;2;Internet y tecnologia
ticket comercio local Internet y tecnologia;82.86;2;Internet y tecnologia
movimiento proveedor habitual Internet y tecnologia;199.45;2;Internet y tecnologia
pago tarjeta comercio local Internet y tecnologia;313.07;2;Internet y tecnologia
movimiento proveedor habitual Internet y tecnologia;34.14;2;Internet y tecnologia
movimiento comercio local Internet y tecnologia;187.99;2;Internet y tecnologia
ticket servicio online Internet y tecnologia;205.40;2;Internet y tecnologia
movimiento comercio local Internet y tecnologia;322.67;2;Internet y tecnologia
cargo servicio online Internet y tecnologia;240.64;2;Internet y tecnologia
movimiento servicio online Internet y tecnologia;250.27;2;Internet y tecnologia
factura proveedor habitual Internet y tecnologia;15.23;2;Internet y tecnologia
compra proveedor habitual Internet y tecnologia;277.17;2;Internet y tecnologia
compra proveedor habitual Internet y tecnologia;207.18;2;Internet y tecnologia
factura proveedor habitual Internet y tecnologia;153.43;2;Internet y tecnologia
factura comercio local Internet y tecnologia;76.73;2;Internet y tecnologia
movimiento comercio local Internet y tecnologia;219.28;2;Internet y tecnologia
pago tarjeta servicio online Internet y tecnologia;278.24;2;Internet y tecnologia
compra servicio online Internet y tecnologia;41.24;2;Internet y tecnologia
factura servicio online Jardin;55.51;2;Jardin
factura servicio online Jardin;117.25;2;Jardin
pago tarjeta comercio local Jardin;237.47;2;Jardin
movimiento proveedor habitual Jardin;87.31;2;Jardin
cargo proveedor habitual Jardin;87.58;2;Jardin
cargo comercio local Jardin;325.25;2;Jardin
movimiento comercio local Jardin;321.15;2;Jardin
pago tarjeta proveedor habitual Jardin;247.00;2;Jardin
factura servicio online Jardin;171.32;2;Jardin
compra comercio local Jardin;314.91;2;Jardin
factura comercio local Jardin;162.94;2;Jardin
cargo proveedor habitual Jardin;128.55;2;Jardin
ticket comercio local Jardin;66.02;2;Jardin
pago tarjeta servicio online Jardin;282.35;2;Jardin
movimiento servicio online Jardin;320.16;2;Jardin
cargo servicio online Jardin;63.82;2;Jardin
movimiento proveedor habitual Jardin;227.99;2;Jardin
compra comercio local Jardin;101.13;2;Jardin
cargo servicio online Jardin;286.20;2;Jardin
ticket servicio online Jardin;314.55;2;Jardin
compra proveedor habitual Jardin;33.14;2;Jardin
compra proveedor habitual Jardin;288.17;2;Jardin
compra servicio online Jardin;186.15;2;Jardin
cargo servicio online Jardin;56.15;2;Jardin
pago tarjeta comercio local Jardin;9.36;2;Jardin
cargo comercio local Jardin;147.11;2;Jardin
pago tarjeta comercio local Jardin;246.10;2;Jardin
ticket comercio local Jardin;296.01;2;Jardin
pago tarjeta comercio local Jardin;259.28;2;Jardin
movimiento servicio online Jardin;130.62;2;Jardin
cargo proveedor habitual Jardin;108.89;2;Jardin
factura comercio local Jardin;11.10;2;Jardin
factura proveedor habitual Jardin;129.98;2;Jardin
factura proveedor habitual Jardin;31.49;2;Jardin
ticket servicio online Jardin;319.19;2;Jardin
ticket servicio online Jardin;244.91;2;Jardin
ticket proveedor habitual Jardin;279.67;2;Jardin
factura servicio online Jardin;67.22;2;Jardin
pago tarjeta comercio local Jardin;161.25;2;Jardin
ticket proveedor habitual Jardin;202.67;2;Jardin
compra comercio local Jardin;218.11;2;Jardin
cargo comercio local Jardin;246.29;2;Jardin
ticket comercio local Jardin;288.15;2;Jardin
compra servicio online Jardin;263.20;2;Jardin
pago tarjeta comercio local Jardin;186.56;2;Jardin
compra servicio online Jardin;325.39;2;Jardin
movimiento servicio online Jardin;129.56;2;Jardin
movimiento servicio online Jardin;311.81;2;Jardin
compra servicio online Jardin;325.89;2;Jardin
cargo proveedor habitual Jardin;223.65;2;Jardin
cargo comercio local Jardin;303.22;2;Jardin
cargo comercio local Jardin;233.19;2;Jardin
compra proveedor habitual Jardin;211.68;2;Jardin
compra proveedor habitual Jardin;140.86;2;Jardin
compra comercio local Jardin;250.07;2;Jardin
pago tarjeta proveedor habitual Jardin;61.77;2;Jardin
movimiento comercio local Jardin;151.43;2;Jardin
cargo proveedor habitual Jardin;171.23;2;Jardin
pago tarjeta comercio local Jardin;154.05;2;Jardin
movimiento servicio online Jardin;34.83;2;Jardin
ticket proveedor habitual Leisure Other;133.31;2;Leisure Other
factura servicio online Leisure Other;194.84;2;Leisure Other
compra proveedor habitual Leisure Other;111.58;2;Leisure Other
pago tarjeta proveedor habitual Leisure Other;318.12;2;Leisure Other
pago tarjeta comercio local Leisure Other;52.47;2;Leisure Other
ticket servicio online Leisure Other;222.70;2;Leisure Other
factura comercio local Leisure Other;51.74;2;Leisure Other
pago tarjeta servicio online Leisure Other;243.60;2;Leisure Other
movimiento servicio online Leisure Other;330.23;2;Leisure Other
ticket servicio online Leisure Other;69.90;2;Leisure Other
cargo proveedor habitual Leisure Other;189.10;2;Leisure Other
ticket proveedor habitual Leisure Other;161.79;2;Leisure Other
cargo servicio online Leisure Other;166.36;2;Leisure Other
cargo comercio local Leisure Other;295.71;2;Leisure Other
compra proveedor habitual Leisure Other;286.28;2;Leisure Other
pago tarjeta servicio online Leisure Other;72.89;2;Leisure Other
cargo servicio online Leisure Other;139.54;2;Leisure Other
cargo comercio local Leisure Other;184.49;2;Leisure Other
ticket servicio online Leisure Other;201.07;2;Leisure Other
factura comercio local Leisure Other;223.34;2;Leisure Other
movimiento proveedor habitual Leisure Other;111.46;2;Leisure Other
factura comercio local Leisure Other;350.15;2;Leisure Other
cargo servicio online Leisure Other;211.88;2;Leisure Other
factura comercio local Leisure Other;138.06;2;Leisure Other
movimiento proveedor habitual Leisure Other;265.61;2;Leisure Other
cargo proveedor habitual Leisure Other;105.24;2;Leisure Other
factura servicio online Leisure Other;200.09;2;Leisure Other
pago tarjeta servicio online Leisure Other;237.40;2;Leisure Other
factura comercio local Leisure Other;84.59;2;Leisure Other
factura servicio online Leisure Other;202.63;2;Leisure Other
compra servicio online Leisure Other;311.76;2;Leisure Other
ticket servicio online Leisure Other;25.87;2;Leisure Other
pago tarjeta servicio online Leisure Other;71.32;2;Leisure Other
compra proveedor habitual Leisure Other;319.93;2;Leisure Other
ticket servicio online Leisure Other;74.12;2;Leisure Other
movimiento proveedor habitual Leisure Other;168.77;2;Leisure Other
ticket comercio local Leisure Other;313.60;2;Leisure Other
movimiento proveedor habitual Leisure Other;50.48;2;Leisure Other
factura comercio local Leisure Other;192.62;2;Leisure Other
compra proveedor habitual Leisure Other;54.90;2;Leisure Other
cargo servicio online Leisure Other;186.40;2;Leisure Other
compra servicio online Leisure Other;242.28;2;Leisure Other
cargo proveedor habitual Leisure Other;126.66;2;Leisure Other
cargo servicio online Leisure Other;44.91;2;Leisure Other
movimiento servicio online Leisure Other;124.61;2;Leisure Other
factura comercio local Leisure Other;300.16;2;Leisure Other
movimiento servicio online Leisure Other;134.68;2;Leisure Other
ticket proveedor habitual Leisure Other;234.25;2;Leisure Other
factura comercio local Leisure Other;41.48;2;Leisure Other
compra comercio local Leisure Other;73.91;2;Leisure Other
cargo comercio local Leisure Other;253.25;2;Leisure Other
pago tarjeta servicio online Leisure Other;253.98;2;Leisure Other
compra comercio local Leisure Other;58.46;2;Leisure Other
movimiento comercio local Leisure Other;284.60;2;Leisure Other
pago tarjeta proveedor habitual Leisure Other;204.87;2;Leisure Other
compra servicio online Leisure Other;66.66;2;Leisure Other
ticket proveedor habitual Leisure Other;217.97;2;Leisure Other
pago tarjeta servicio online Leisure Other;264.73;2;Leisure Other
cargo proveedor habitual Leisure Other;256.92;2;Leisure Other
compra servicio online Leisure Other;212.89;2;Leisure Other
factura comercio local Libros y juegos;127.01;2;Libros y juegos
movimiento servicio online Libros y juegos;343.08;2;Libros y juegos
cargo servicio online Libros y juegos;26.35;2;Libros y juegos
compra proveedor habitual Libros y juegos;133.74;2;Libros y juegos
ticket proveedor habitual Libros y juegos;80.29;2;Libros y juegos
cargo proveedor habitual Libros y juegos;30.87;2;Libros y juegos
ticket comercio local Libros y juegos;317.36;2;Libros y juegos
compra comercio local Libros y juegos;275.17;2;Libros y juegos
movimiento servicio online Libros y juegos;23.83;2;Libros y juegos
movimiento comercio local Libros y juegos;22.98;2;Libros y juegos
ticket comercio local Libros y juegos;177.97;2;Libros y juegos
ticket comercio local Libros y juegos;239.58;2;Libros y juegos
movimiento comercio local Libros y juegos;299.27;2;Libros y juegos
pago tarjeta proveedor habitual Libros y juegos;109.70;2;Libros y juegos
pago tarjeta comercio local Libros y juegos;246.28;2;Libros y juegos
pago tarjeta comercio local Libros y juegos;184.94;2;Libros y juegos
compra servicio online Libros y juegos;15.69;2;Libros y juegos
factura comercio local Libros y juegos;251.57;2;Libros y juegos
movimiento proveedor habitual Libros y juegos;29.23;2;Libros y juegos
movimiento comercio local Libros y juegos;104.16;2;Libros y juegos
movimiento proveedor habitual Libros y juegos;314.05;2;Libros y juegos
movimiento comercio local Libros y juegos;163.32;2;Libros y juegos
compra servicio online Libros y juegos;170.55;2;Libros y juegos
ticket proveedor habitual Libros y juegos;226.82;2;Libros y juegos
cargo servicio online Libros y juegos;104.50;2;Libros y juegos
ticket proveedor habitual Libros y juegos;326.97;2;Libros y juegos
cargo servicio online Libros y juegos;185.36;2;Libros y juegos
factura comercio local Libros y juegos;127.13;2;Libros y juegos
cargo comercio local Libros y juegos;187.23;2;Libros y juegos
pago tarjeta comercio local Libros y juegos;291.26;2;Libros y juegos
factura proveedor habitual Libros y juegos;61.18;2;Libros y juegos
movimiento proveedor habitual Libros y juegos;191.83;2;Libros y juegos
pago tarjeta proveedor habitual Libros y juegos;347.03;2;Libros y juegos
compra servicio online Libros y juegos;203.10;2;Libros y juegos
cargo comercio local Libros y juegos;21.38;2;Libros y juegos
pago tarjeta comercio local Libros y juegos;349.92;2;Libros y juegos
pago tarjeta comercio local Libros y juegos;242.84;2;Libros y juegos
factura comercio local Libros y juegos;290.03;2;Libros y juegos
movimiento comercio local Libros y juegos;275.67;2;Libros y juegos
compra comercio local Libros y juegos;20.76;2;Libros y juegos
pago tarjeta proveedor habitual Libros y juegos;307.96;2;Libros y juegos
factura comercio local Libros y juegos;204.97;2;Libros y juegos
factura servicio online Libros y juegos;222.25;2;Libros y juegos
compra servicio online Libros y juegos;87.91;2;Libros y juegos
pago tarjeta proveedor habitual Libros y juegos;85.70;2;Libros y juegos
factura proveedor habitual Libros y juegos;234.00;2;Libros y juegos
movimiento proveedor habitual Libros y juegos;10.84;2;Libros y juegos
compra servicio online Libros y juegos;275.46;2;Libros y juegos
ticket proveedor habitual Libros y juegos;55.99;2;Libros y juegos
compra proveedor habitual Libros y juegos;196.82;2;Libros y juegos
pago tarjeta servicio online Libros y juegos;38.52;2;Libros y juegos
cargo comercio local Libros y juegos;81.59;2;Libros y juegos
factura comercio local Libros y juegos;144.81;2;Libros y juegos
movimiento comercio local Libros y juegos;156.22;2;Libros y juegos
factura proveedor habitual Libros y juegos;245.58;2;Libros y juegos
movimiento proveedor habitual Libros y juegos;295.34;2;Libros y juegos
cargo comercio local Libros y juegos;175.70;2;Libros y juegos
pago tarjeta proveedor habitual Libros y juegos;294.29;2;Libros y juegos
pago tarjeta proveedor habitual Libros y juegos;184.78;2;Libros y juegos
movimiento comercio local Libros y juegos;342.95;2;Libros y juegos
cargo proveedor habitual Mascotas;192.52;2;Mascotas
movimiento proveedor habitual Mascotas;18.62;2;Mascotas
factura servicio online Mascotas;255.53;2;Mascotas
movimiento proveedor habitual Mascotas;288.93;2;Mascotas
movimiento proveedor habitual Mascotas;49.24;2;Mascotas
ticket comercio local Mascotas;77.06;2;Mascotas
cargo proveedor habitual Mascotas;124.61;2;Mascotas
ticket proveedor habitual Mascotas;41.29;2;Mascotas
factura servicio online Mascotas;121.47;2;Mascotas
movimiento servicio online Mascotas;230.31;2;Mascotas
cargo comercio local Mascotas;11.21;2;Mascotas
compra comercio local Mascotas;67.00;2;Mascotas
cargo servicio online Mascotas;330.00;2;Mascotas
pago tarjeta comercio local Mascotas;93.09;2;Mascotas
factura proveedor habitual Mascotas;87.14;2;Mascotas
pago tarjeta comercio local Mascotas;158.73;2;Mascotas
cargo proveedor habitual Mascotas;338.08;2;Mascotas
cargo proveedor habitual Mascotas;228.45;2;Mascotas
ticket proveedor habitual Mascotas;11.26;2;Mascotas
ticket comercio local Mascotas;209.05;2;Mascotas
pago tarjeta servicio online Mascotas;246.16;2;Mascotas
factura comercio local Mascotas;227.94;2;Mascotas
compra proveedor habitual Mascotas;303.85;2;Mascotas
ticket comercio local Mascotas;8.20;2;Mascotas
movimiento servicio online Mascotas;149.43;2;Mascotas
compra proveedor habitual Mascotas;84.67;2;Mascotas
movimiento servicio online Mascotas;21.32;2;Mascotas
ticket comercio local Mascotas;277.07;2;Mascotas
movimiento servicio online Mascotas;341.28;2;Mascotas
cargo proveedor habitual Mascotas;9.54;2;Mascotas
factura proveedor habitual Mascotas;251.88;2;Mascotas
cargo proveedor habitual Mascotas;208.34;2;Mascotas
movimiento proveedor habitual Mascotas;13.93;2;Mascotas
movimiento proveedor habitual Mascotas;106.83;2;Mascotas
cargo proveedor habitual Mascotas;240.92;2;Mascotas
movimiento proveedor habitual Mascotas;200.07;2;Mascotas
ticket comercio local Mascotas;29.10;2;Mascotas
factura proveedor habitual Mascotas;193.97;2;Mascotas
factura servicio online Mascotas;58.28;2;Mascotas
compra comercio local Mascotas;83.63;2;Mascotas
cargo comercio local Mascotas;326.97;2;Mascotas
movimiento comercio local Mascotas;306.27;2;Mascotas
compra proveedor habitual Mascotas;110.28;2;Mascotas
pago tarjeta comercio local Mascotas;71.07;2;Mascotas
movimiento servicio online Mascotas;340.57;2;Mascotas
cargo servicio online Mascotas;299.47;2;Mascotas
compra proveedor habitual Mascotas;140.14;2;Mascotas
factura comercio local Mascotas;75.95;2;Mascotas
pago tarjeta comercio local Mascotas;303.63;2;Mascotas
cargo servicio online Mascotas;147.94;2;Mascotas
factura proveedor habitual Mascotas;101.74;2;Mascotas
cargo servicio online Mascotas;349.47;2;Mascotas
compra comercio local Mascotas;233.14;2;Mascotas
compra comercio local Mascotas;120.88;2;Mascotas
pago tarjeta comercio local Mascotas;327.58;2;Mascotas
ticket comercio local Mascotas;91.02;2;Mascotas
compra comercio local Mascotas;138.01;2;Mascotas
factura servicio online Mascotas;116.15;2;Mascotas
compra comercio local Mascotas;11.66;2;Mascotas
compra proveedor habitual Mascotas;210.66;2;Mascotas
compra servicio online Mejoras del hogar;226.40;2;Mejoras del hogar
factura comercio local Mejoras del hogar;271.33;2;Mejoras del hogar
pago tarjeta proveedor habitual Mejoras del hogar;347.43;2;Mejoras del hogar
movimiento proveedor habitual Mejoras del hogar;282.76;2;Mejoras del hogar
factura proveedor habitual Mejoras del hogar;176.27;2;Mejoras del hogar
cargo servicio online Mejoras del hogar;137.86;2;Mejoras del hogar
factura comercio local Mejoras del hogar;224.50;2;Mejoras del hogar
movimiento proveedor habitual Mejoras del hogar;213.87;2;Mejoras del hogar
pago tarjeta proveedor habitual Mejoras del hogar;71.69;2;Mejoras del hogar
movimiento comercio local Mejoras del hogar;332.60;2;Mejoras del hogar
cargo servicio online Mejoras del hogar;115.43;2;Mejoras del hogar
cargo servicio online Mejoras del hogar;329.67;2;Mejoras del hogar
factura comercio local Mejoras del hogar;25.30;2;Mejoras del hogar
pago tarjeta comercio local Mejoras del hogar;111.10;2;Mejoras del hogar
factura proveedor habitual Mejoras del hogar;130.73;2;Mejoras del hogar
ticket comercio local Mejoras del hogar;69.37;2;Mejoras del hogar
ticket comercio local Mejoras del hogar;78.10;2;Mejoras del hogar
compra comercio local Mejoras del hogar;181.63;2;Mejoras del hogar
factura comercio local Mejoras del hogar;99.05;2;Mejoras del hogar
ticket servicio online Mejoras del hogar;106.57;2;Mejoras del hogar
compra servicio online Mejoras del hogar;312.81;2;Mejoras del hogar
movimiento proveedor habitual Mejoras del hogar;190.70;2;Mejoras del hogar
cargo servicio online Mejoras del hogar;306.59;2;Mejoras del hogar
factura comercio local Mejoras del hogar;222.42;2;Mejoras del hogar
pago tarjeta comercio local Mejoras del hogar;43.65;2;Mejoras del hogar
pago tarjeta comercio local Mejoras del hogar;177.64;2;Mejoras del hogar
cargo comercio local Mejoras del hogar;31.33;2;Mejoras del hogar
compra comercio local Mejoras del hogar;289.82;2;Mejoras del hogar
compra proveedor habitual Mejoras del hogar;50.98;2;Mejoras del hogar
factura comercio local Mejoras del hogar;181.49;2;Mejoras del hogar
ticket servicio online Mejoras del hogar;303.63;2;Mejoras del hogar
compra comercio local Mejoras del hogar;262.99;2;Mejoras del hogar
ticket proveedor habitual Mejoras del hogar;299.81;2;Mejoras del hogar
factura servicio online Mejoras del hogar;170.88;2;Mejoras del hogar
compra comercio local Mejoras del hogar;104.64;2;Mejoras del hogar
cargo proveedor habitual Mejoras del hogar;164.53;2;Mejoras del hogar
compra proveedor habitual Mejoras del hogar;158.39;2;Mejoras del hogar
factura servicio online Mejoras del hogar;233.58;2;Mejoras del hogar
pago tarjeta servicio online Mejoras del hogar;44.35;2;Mejoras del hogar
pago tarjeta comercio local Mejoras del hogar;165.70;2;Mejoras del hogar
pago tarjeta comercio local Mejoras del hogar;231.40;2;Mejoras del hogar
movimiento comercio local Mejoras del hogar;138.54;2;Mejoras del hogar
compra comercio local Mejoras del hogar;225.63;2;Mejoras del hogar
ticket proveedor habitual Mejoras del hogar;12.65;2;Mejoras del hogar
movimiento proveedor habitual Mejoras del hogar;272.98;2;Mejoras del hogar
pago tarjeta comercio local Mejoras del hogar;13.07;2;Mejoras del hogar
cargo proveedor habitual Mejoras del hogar;73.12;2;Mejoras del hogar
cargo comercio local Mejoras del hogar;97.76;2;Mejoras del hogar
movimiento comercio local Mejoras del hogar;321.52;2;Mejoras del hogar
cargo comercio local Mejoras del hogar;37.66;2;Mejoras del hogar
movimiento servicio online Mejoras del hogar;245.43;2;Mejoras del hogar
compra servicio online Mejoras del hogar;182.02;2;Mejoras del hogar
pago tarjeta servicio online Mejoras del hogar;158.11;2;Mejoras del hogar
ticket comercio local Mejoras del hogar;340.69;2;Mejoras del hogar
factura proveedor habitual Mejoras del hogar;39.98;2;Mejoras del hogar
movimiento proveedor habitual Mejoras del hogar;320.56;2;Mejoras del hogar
pago tarjeta proveedor habitual Mejoras del hogar;290.92;2;Mejoras del hogar
pago tarjeta comercio local Mejoras del hogar;271.14;2;Mejoras del hogar
movimiento proveedor habitual Mejoras del hogar;164.73;2;Mejoras del hogar
cargo servicio online Mejoras del hogar;233.39;2;Mejoras del hogar
ticket servicio online Muebles e interior;183.76;2;Muebles e interior
movimiento proveedor habitual Muebles e interior;292.78;2;Muebles e interior
ticket servicio online Muebles e interior;238.04;2;Muebles e interior
movimiento servicio online Muebles e interior;12.55;2;Muebles e interior
movimiento proveedor habitual Muebles e interior;187.16;2;Muebles e interior
movimiento comercio local Muebles e interior;87.58;2;Muebles e interior
compra proveedor habitual Muebles e interior;279.50;2;Muebles e interior
factura servicio online Muebles e interior;79.53;2;Muebles e interior
cargo servicio online Muebles e interior;94.53;2;Muebles e interior
pago tarjeta comercio local Muebles e interior;128.67;2;Muebles e interior
cargo servicio online Muebles e interior;174.78;2;Muebles e interior
factura comercio local Muebles e interior;213.99;2;Muebles e interior
ticket comercio local Muebles e interior;349.49;2;Muebles e interior
compra proveedor habitual Muebles e interior;232.46;2;Muebles e interior
movimiento proveedor habitual Muebles e interior;243.69;2;Muebles e interior
ticket servicio online Muebles e interior;152.34;2;Muebles e interior
compra comercio local Muebles e interior;286.15;2;Muebles e interior
factura comercio local Muebles e interior;161.27;2;Muebles e interior
ticket proveedor habitual Muebles e interior;267.18;2;Muebles e interior
ticket servicio online Muebles e interior;239.62;2;Muebles e interior
movimiento servicio online Muebles e interior;170.24;2;Muebles e interior
movimiento comercio local Muebles e interior;271.18;2;Muebles e interior
factura proveedor habitual Muebles e interior;275.47;2;Muebles e interior
ticket proveedor habitual Muebles e interior;309.37;2;Muebles e interior
movimiento servicio online Muebles e interior;213.60;2;Muebles e interior
ticket servicio online Muebles e interior;45.78;2;Muebles e interior
cargo proveedor habitual Muebles e interior;66.33;2;Muebles e interior
cargo proveedor habitual Muebles e interior;268.00;2;Muebles e interior
cargo comercio local Muebles e interior;252.16;2;Muebles e interior
factura proveedor habitual Muebles e interior;228.21;2;Muebles e interior
ticket servicio online Muebles e interior;208.42;2;Muebles e interior
pago tarjeta servicio online Muebles e interior;83.45;2;Muebles e interior
compra servicio online Muebles e interior;75.95;2;Muebles e interior
factura proveedor habitual Muebles e interior;155.40;2;Muebles e interior
compra proveedor habitual Muebles e interior;125.76;2;Muebles e interior
ticket servicio online Muebles e interior;144.05;2;Muebles e interior
factura proveedor habitual Muebles e interior;33.78;2;Muebles e interior
movimiento servicio online Muebles e interior;141.68;2;Muebles e interior
pago tarjeta servicio online Muebles e interior;250.22;2;Muebles e interior
ticket proveedor habitual Muebles e interior;56.44;2;Muebles e interior
compra servicio online Muebles e interior;121.86;2;Muebles e interior
ticket proveedor habitual Muebles e interior;324.29;2;Muebles e interior
movimiento proveedor habitual Muebles e interior;129.70;2;Muebles e interior
factura servicio online Muebles e interior;217.67;2;Muebles e interior
ticket proveedor habitual Muebles e interior;311.99;2;Muebles e interior
pago tarjeta servicio online Muebles e interior;94.69;2;Muebles e interior
cargo servicio online Muebles e interior;328.88;2;Muebles e interior
compra servicio online Muebles e interior;233.13;2;Muebles e interior
pago tarjeta servicio online Muebles e interior;105.51;2;Muebles e interior
movimiento proveedor habitual Muebles e interior;240.08;2;Muebles e interior
movimiento comercio local Muebles e interior;14.62;2;Muebles e interior
ticket comercio local Muebles e interior;109.53;2;Muebles e interior
cargo proveedor habitual Muebles e interior;79.31;2;Muebles e interior
compra servicio online Muebles e interior;41.37;2;Muebles e interior
movimiento comercio local Muebles e interior;116.75;2;Muebles e interior
cargo proveedor habitual Muebles e interior;329.55;2;Muebles e interior
compra servicio online Muebles e interior;312.88;2;Muebles e interior
compra proveedor habitual Muebles e interior;44.44;2;Muebles e interior
movimiento servicio online Muebles e interior;166.72;2;Muebles e interior
ticket servicio online Muebles e interior;325.79;2;Muebles e interior
movimiento proveedor habitual Ninos;53.99;2;Ninos
factura comercio local Ninos;82.35;2;Ninos
compra comercio local Ninos;135.48;2;Ninos
compra proveedor habitual Ninos;189.26;2;Ninos
ticket proveedor habitual Ninos;14.81;2;Ninos
cargo servicio online Ninos;110.57;2;Ninos
pago tarjeta comercio local Ninos;26.70;2;Ninos
pago tarjeta proveedor habitual Ninos;26.12;2;Ninos
factura comercio local Ninos;49.71;2;Ninos
cargo proveedor habitual Ninos;320.06;2;Ninos
factura servicio online Ninos;79.79;2;Ninos
factura comercio local Ninos;285.98;2;Ninos
cargo comercio local Ninos;174.82;2;Ninos
cargo proveedor habitual Ninos;159.82;2;Ninos
factura proveedor habitual Ninos;165.26;2;Ninos
ticket comercio local Ninos;200.25;2;Ninos
movimiento servicio online Ninos;242.07;2;Ninos
factura comercio local Ninos;166.80;2;Ninos
compra comercio local Ninos;57.75;2;Ninos
factura servicio online Ninos;29.45;2;Ninos
pago tarjeta proveedor habitual Ninos;30.43;2;Ninos
compra servicio online Ninos;76.04;2;Ninos
cargo servicio online Ninos;116.55;2;Ninos
movimiento proveedor habitual Ninos;178.94;2;Ninos
ticket proveedor habitual Ninos;342.53;2;Ninos
movimiento comercio local Ninos;255.70;2;Ninos
cargo proveedor habitual Ninos;308.82;2;Ninos
factura proveedor habitual Ninos;14.57;2;Ninos
movimiento servicio online Ninos;310.39;2;Ninos
pago tarjeta comercio local Ninos;322.59;2;Ninos
compra servicio online Ninos;173.81;2;Ninos
cargo comercio local Ninos;250.23;2;Ninos
pago tarjeta comercio local Ninos;313.05;2;Ninos
factura comercio local Ninos;181.50;2;Ninos
movimiento proveedor habitual Ninos;314.40;2;Ninos
ticket servicio online Ninos;136.13;2;Ninos
compra servicio online Ninos;303.48;2;Ninos
compra comercio local Ninos;57.13;2;Ninos
movimiento servicio online Ninos;23.55;2;Ninos
movimiento servicio online Ninos;74.36;2;Ninos
ticket comercio local Ninos;142.86;2;Ninos
pago tarjeta servicio online Ninos;264.20;2;Ninos
cargo servicio online Ninos;64.65;2;Ninos
ticket comercio local Ninos;132.66;2;Ninos
pago tarjeta proveedor habitual Ninos;236.99;2;Ninos
factura comercio local Ninos;136.29;2;Ninos
cargo proveedor habitual Ninos;38.14;2;Ninos
compra servicio online Ninos;216.40;2;Ninos
factura proveedor habitual Ninos;175.81;2;Ninos
cargo servicio online Ninos;150.76;2;Ninos
ticket servicio online Ninos;221.74;2;Ninos
ticket proveedor habitual Ninos;163.22;2;Ninos
factura comercio local Ninos;28.12;2;Ninos
compra servicio online Ninos;22.92;2;Ninos
factura comercio local Ninos;268.77;2;Ninos
factura proveedor habitual Ninos;81.28;2;Ninos
factura servicio online Ninos;165.04;2;Ninos
ticket proveedor habitual Ninos;183.22;2;Ninos
cargo servicio online Ninos;241.01;2;Ninos
compra proveedor habitual Ninos;191.52;2;Ninos
ingreso empresa Nomina;1682.61;1;Nomina
transferencia recibida empresa cliente Nomina;2078.89;1;Nomina
ingreso empresa Nomina;1584.40;1;Nomina
abono empresa cliente Nomina;2435.54;1;Nomina
cobro empresa Nomina;1213.87;1;Nomina
ingreso empresa Nomina;2596.20;1;Nomina
abono empresa Nomina;1353.49;1;Nomina
ingreso empresa Nomina;1699.65;1;Nomina
cobro empresa Nomina;2109.85;1;Nomina
abono empresa Nomina;1395.13;1;Nomina
ingreso empresa cliente Nomina;1253.09;1;Nomina
cobro empresa Nomina;1219.51;1;Nomina
cobro empresa cliente Nomina;1862.60;1;Nomina
transferencia recibida empresa cliente Nomina;1746.48;1;Nomina
cobro empresa Nomina;1484.68;1;Nomina
cobro empresa cliente Nomina;2586.62;1;Nomina
entrada empresa Nomina;1870.87;1;Nomina
transferencia recibida empresa Nomina;1384.22;1;Nomina
cobro empresa cliente Nomina;1245.60;1;Nomina
cobro empresa cliente Nomina;2555.78;1;Nomina
transferencia recibida empresa cliente Nomina;2091.51;1;Nomina
entrada empresa cliente Nomina;2052.07;1;Nomina
cobro empresa cliente Nomina;2443.72;1;Nomina
ingreso empresa Nomina;1861.42;1;Nomina
transferencia recibida empresa cliente Nomina;2115.91;1;Nomina
ingreso empresa cliente Nomina;2166.08;1;Nomina
transferencia recibida empresa cliente Nomina;1597.89;1;Nomina
entrada empresa cliente Nomina;1971.16;1;Nomina
ingreso empresa Nomina;1308.28;1;Nomina
abono empresa Nomina;2227.15;1;Nomina
cobro empresa Nomina;1461.96;1;Nomina
abono empresa Nomina;1620.59;1;Nomina
ingreso empresa cliente Nomina;1260.00;1;Nomina
cobro empresa cliente Nomina;1785.46;1;Nomina
transferencia recibida empresa cliente Nomina;2275.08;1;Nomina
ingreso empresa Nomina;2023.56;1;Nomina
cobro empresa Nomina;2563.56;1;Nomina
abono empresa cliente Nomina;1447.60;1;Nomina
cobro empresa Nomina;1359.11;1;Nomina
abono empresa cliente Nomina;1477.01;1;Nomina
cobro empresa cliente Nomina;1459.32;1;Nomina
cobro empresa Nomina;1830.29;1;Nomina
abono empresa Nomina;1588.20;1;Nomina
cobro empresa Nomina;1230.95;1;Nomina
cobro empresa cliente Nomina;1703.05;1;Nomina
entrada empresa Nomina;1342.84;1;Nomina
ingreso empresa Nomina;1818.97;1;Nomina
entrada empresa cliente Nomina;1496.57;1;Nomina
abono empresa cliente Nomina;1891.10;1;Nomina
transferencia recibida empresa Nomina;1555.66;1;Nomina
transferencia recibida empresa cliente Nomina;1898.26;1;Nomina
ingreso empresa Nomina;2200.83;1;Nomina
transferencia recibida empresa Nomina;2584.18;1;Nomina
cobro empresa Nomina;1408.87;1;Nomina
ingreso empresa cliente Nomina;1413.93;1;Nomina
cobro empresa Nomina;2162.79;1;Nomina
cobro empresa Nomina;1545.85;1;Nomina
ingreso empresa cliente Nomina;2441.32;1;Nomina
transferencia recibida empresa Nomina;1334.05;1;Nomina
ingreso empresa Nomina;1433.38;1;Nomina
cargo servicio online Ocio;7.53;2;Ocio
cargo servicio online Ocio;162.06;2;Ocio
factura comercio local Ocio;207.19;2;Ocio
ticket comercio local Ocio;18.16;2;Ocio
factura servicio online Ocio;160.38;2;Ocio
pago tarjeta servicio online Ocio;171.67;2;Ocio
pago tarjeta proveedor habitual Ocio;88.00;2;Ocio
compra servicio online Ocio;199.27;2;Ocio
factura servicio online Ocio;75.59;2;Ocio
movimiento servicio online Ocio;158.65;2;Ocio
cargo servicio online Ocio;258.39;2;Ocio
factura proveedor habitual Ocio;336.06;2;Ocio
pago tarjeta servicio online Ocio;119.04;2;Ocio
pago tarjeta proveedor habitual Ocio;214.22;2;Ocio
factura proveedor habitual Ocio;129.01;2;Ocio
cargo proveedor habitual Ocio;282.19;2;Ocio
compra servicio online Ocio;12.48;2;Ocio
compra comercio local Ocio;217.55;2;Ocio
compra servicio online Ocio;227.62;2;Ocio
factura proveedor habitual Ocio;292.93;2;Ocio
cargo servicio online Ocio;292.09;2;Ocio
movimiento servicio online Ocio;187.91;2;Ocio
factura proveedor habitual Ocio;303.57;2;Ocio
compra proveedor habitual Ocio;104.87;2;Ocio
cargo servicio online Ocio;82.34;2;Ocio
movimiento servicio online Ocio;136.27;2;Ocio
pago tarjeta comercio local Ocio;237.06;2;Ocio
compra comercio local Ocio;204.63;2;Ocio
movimiento proveedor habitual Ocio;200.48;2;Ocio
pago tarjeta servicio online Ocio;154.77;2;Ocio
movimiento comercio local Ocio;310.41;2;Ocio
cargo comercio local Ocio;191.80;2;Ocio
compra comercio local Ocio;31.21;2;Ocio
cargo servicio online Ocio;238.48;2;Ocio
ticket comercio local Ocio;300.47;2;Ocio
ticket proveedor habitual Ocio;202.97;2;Ocio
ticket comercio local Ocio;31.82;2;Ocio
pago tarjeta comercio local Ocio;51.84;2;Ocio
cargo comercio local Ocio;19.96;2;Ocio
compra comercio local Ocio;118.52;2;Ocio
compra comercio local Ocio;46.11;2;Ocio
ticket proveedor habitual Ocio;117.54;2;Ocio
movimiento proveedor habitual Ocio;309.36;2;Ocio
factura comercio local Ocio;287.99;2;Ocio
movimiento comercio local Ocio;29.06;2;Ocio
cargo proveedor habitual Ocio;304.54;2;Ocio
compra servicio online Ocio;90.98;2;Ocio
ticket comercio local Ocio;90.48;2;Ocio
cargo servicio online Ocio;285.02;2;Ocio
factura servicio online Ocio;164.04;2;Ocio
cargo proveedor habitual Ocio;221.04;2;Ocio
cargo proveedor habitual Ocio;229.86;2;Ocio
movimiento comercio local Ocio;118.26;2;Ocio
ticket comercio local Ocio;186.06;2;Ocio
ticket proveedor habitual Ocio;88.99;2;Ocio
cargo proveedor habitual Ocio;199.06;2;Ocio
movimiento servicio online Ocio;206.56;2;Ocio
factura comercio local Ocio;182.63;2;Ocio
factura servicio online Ocio;323.75;2;Ocio
compra servicio online Ocio;151.92;2;Ocio
cargo proveedor habitual Optica;74.75;2;Optica
factura proveedor habitual Optica;198.95;2;Optica
compra proveedor habitual Optica;312.26;2;Optica
factura proveedor habitual Optica;135.07;2;Optica
ticket proveedor habitual Optica;182.25;2;Optica
pago tarjeta servicio online Optica;140.94;2;Optica
compra comercio local Optica;62.57;2;Optica
ticket proveedor habitual Optica;130.53;2;Optica
movimiento proveedor habitual Optica;348.71;2;Optica
factura servicio online Optica;169.96;2;Optica
cargo servicio online Optica;43.64;2;Optica
compra proveedor habitual Optica;35.20;2;Optica
cargo proveedor habitual Optica;182.08;2;Optica
factura servicio online Optica;30.95;2;Optica
ticket comercio local Optica;167.01;2;Optica
factura comercio local Optica;42.26;2;Optica
pago tarjeta comercio local Optica;65.70;2;Optica
pago tarjeta servicio online Optica;226.63;2;Optica
movimiento servicio online Optica;165.26;2;Optica
movimiento servicio online Optica;136.96;2;Optica
compra servicio online Optica;303.77;2;Optica
compra proveedor habitual Optica;216.84;2;Optica
compra servicio online Optica;186.37;2;Optica
ticket comercio local Optica;114.71;2;Optica
compra servicio online Optica;139.41;2;Optica
movimiento comercio local Optica;298.30;2;Optica
cargo servicio online Optica;120.65;2;Optica
movimiento proveedor habitual Optica;82.25;2;Optica
movimiento comercio local Optica;212.21;2;Optica
pago tarjeta proveedor habitual Optica;145.69;2;Optica
cargo servicio online Optica;31.51;2;Optica
pago tarjeta servicio online Optica;27.42;2;Optica
pago tarjeta comercio local Optica;344.43;2;Optica
cargo comercio local Optica;336.76;2;Optica
movimiento proveedor habitual Optica;91.62;2;Optica
ticket proveedor habitual Optica;193.53;2;Optica
factura servicio online Optica;335.74;2;Optica
ticket servicio online Optica;261.92;2;Optica
movimiento servicio online Optica;14.83;2;Optica
compra proveedor habitual Optica;248.26;2;Optica
pago tarjeta servicio online Optica;159.89;2;Optica
compra servicio online Optica;32.85;2;Optica
pago tarjeta servicio online Optica;182.27;2;Optica
factura proveedor habitual Optica;98.84;2;Optica
cargo proveedor habitual Optica;199.66;2;Optica
factura comercio local Optica;78.98;2;Optica
factura comercio local Optica;50.96;2;Optica
compra proveedor habitual Optica;80.77;2;Optica
factura servicio online Optica;59.68;2;Optica
factura proveedor habitual Optica;263.26;2;Optica
factura comercio local Optica;149.83;2;Optica
movimiento proveedor habitual Optica;272.48;2;Optica
pago tarjeta comercio local Optica;218.22;2;Optica
ticket proveedor habitual Optica;136.82;2;Optica
pago tarjeta comercio local Optica;265.62;2;Optica
movimiento proveedor habitual Optica;16.43;2;Optica
factura proveedor habitual Optica;99.98;2;Optica
ticket comercio local Optica;111.19;2;Optica
factura comercio local Optica;64.44;2;Optica
compra proveedor habitual Optica;340.74;2;Optica
ticket proveedor habitual Otros;158.76;2;Otros
compra comercio local Otros;5.84;2;Otros
ticket proveedor habitual Otros;51.68;2;Otros
cargo proveedor habitual Otros;262.65;2;Otros
compra servicio online Otros;92.41;2;Otros
factura comercio local Otros;120.47;2;Otros
pago tarjeta comercio local Otros;147.98;2;Otros
ticket comercio local Otros;322.54;2;Otros
compra comercio local Otros;173.86;2;Otros
pago tarjeta proveedor habitual Otros;79.81;2;Otros
pago tarjeta proveedor habitual Otros;292.94;2;Otros
movimiento proveedor habitual Otros;27.64;2;Otros
pago tarjeta comercio local Otros;135.61;2;Otros
compra comercio local Otros;116.02;2;Otros
factura servicio online Otros;126.18;2;Otros
pago tarjeta comercio local Otros;135.77;2;Otros
factura comercio local Otros;312.26;2;Otros
cargo proveedor habitual Otros;240.76;2;Otros
movimiento proveedor habitual Otros;120.00;2;Otros
pago tarjeta servicio online Otros;40.57;2;Otros
factura comercio local Otros;320.09;2;Otros
compra proveedor habitual Otros;121.02;2;Otros
ticket comercio local Otros;275.07;2;Otros
factura comercio local Otros;94.52;2;Otros
factura servicio online Otros;165.36;2;Otros
movimiento comercio local Otros;150.33;2;Otros
cargo servicio online Otros;162.64;2;Otros
pago tarjeta proveedor habitual Otros;53.50;2;Otros
pago tarjeta proveedor habitual Otros;263.71;2;Otros
compra servicio online Otros;295.56;2;Otros
factura comercio local Otros;258.96;2;Otros
ticket proveedor habitual Otros;166.19;2;Otros
pago tarjeta comercio local Otros;93.99;2;Otros
pago tarjeta servicio online Otros;250.45;2;Otros
compra servicio online Otros;54.90;2;Otros
ticket comercio local Otros;266.46;2;Otros
cargo comercio local Otros;240.60;2;Otros
cargo servicio online Otros;81.81;2;Otros
ticket comercio local Otros;243.01;2;Otros
pago tarjeta servicio online Otros;309.60;2;Otros
movimiento comercio local Otros;112.48;2;Otros
factura proveedor habitual Otros;248.13;2;Otros
movimiento proveedor habitual Otros;74.75;2;Otros
ticket proveedor habitual Otros;181.45;2;Otros
cargo servicio online Otros;320.06;2;Otros
factura proveedor habitual Otros;40.40;2;Otros
cargo servicio online Otros;156.48;2;Otros
compra servicio online Otros;7.46;2;Otros
movimiento servicio online Otros;16.48;2;Otros
factura servicio online Otros;73.99;2;Otros
factura servicio online Otros;134.41;2;Otros
movimiento comercio local Otros;317.52;2;Otros
movimiento comercio local Otros;241.53;2;Otros
cargo servicio online Otros;106.28;2;Otros
movimiento servicio online Otros;146.64;2;Otros
factura comercio local Otros;276.13;2;Otros
compra servicio online Otros;267.94;2;Otros
pago tarjeta proveedor habitual Otros;252.94;2;Otros
factura servicio online Otros;173.11;2;Otros
pago tarjeta comercio local Otros;229.14;2;Otros
ingreso proveedor habitual Otros ingresos;463.08;1;Otros ingresos
ingreso proveedor habitual Otros ingresos;188.86;1;Otros ingresos
entrada servicio online Otros ingresos;175.21;1;Otros ingresos
ingreso comercio local Otros ingresos;716.94;1;Otros ingresos
transferencia recibida proveedor habitual Otros ingresos;421.97;1;Otros ingresos
cobro comercio local Otros ingresos;80.72;1;Otros ingresos
entrada comercio local Otros ingresos;667.64;1;Otros ingresos
entrada servicio online Otros ingresos;254.31;1;Otros ingresos
abono servicio online Otros ingresos;484.56;1;Otros ingresos
entrada servicio online Otros ingresos;878.69;1;Otros ingresos
entrada servicio online Otros ingresos;48.97;1;Otros ingresos
entrada proveedor habitual Otros ingresos;627.79;1;Otros ingresos
ingreso comercio local Otros ingresos;195.81;1;Otros ingresos
abono servicio online Otros ingresos;350.66;1;Otros ingresos
ingreso comercio local Otros ingresos;649.45;1;Otros ingresos
ingreso servicio online Otros ingresos;836.58;1;Otros ingresos
abono proveedor habitual Otros ingresos;376.06;1;Otros ingresos
entrada comercio local Otros ingresos;567.97;1;Otros ingresos
transferencia recibida proveedor habitual Otros ingresos;855.39;1;Otros ingresos
entrada proveedor habitual Otros ingresos;811.01;1;Otros ingresos
entrada servicio online Otros ingresos;242.61;1;Otros ingresos
entrada proveedor habitual Otros ingresos;192.65;1;Otros ingresos
transferencia recibida proveedor habitual Otros ingresos;491.60;1;Otros ingresos
transferencia recibida comercio local Otros ingresos;632.29;1;Otros ingresos
cobro proveedor habitual Otros ingresos;166.22;1;Otros ingresos
transferencia recibida proveedor habitual Otros ingresos;489.73;1;Otros ingresos
abono servicio online Otros ingresos;814.11;1;Otros ingresos
abono comercio local Otros ingresos;231.51;1;Otros ingresos
cobro proveedor habitual Otros ingresos;78.03;1;Otros ingresos
cobro comercio local Otros ingresos;855.26;1;Otros ingresos
abono servicio online Otros ingresos;780.86;1;Otros ingresos
entrada comercio local Otros ingresos;513.45;1;Otros ingresos
ingreso servicio online Otros ingresos;716.06;1;Otros ingresos
ingreso comercio local Otros ingresos;63.73;1;Otros ingresos
abono proveedor habitual Otros ingresos;426.44;1;Otros ingresos
abono servicio online Otros ingresos;229.73;1;Otros ingresos
abono proveedor habitual Otros ingresos;411.43;1;Otros ingresos
abono proveedor habitual Otros ingresos;75.57;1;Otros ingresos
ingreso servicio online Otros ingresos;386.55;1;Otros ingresos
entrada proveedor habitual Otros ingresos;57.39;1;Otros ingresos
transferencia recibida comercio local Otros ingresos;203.05;1;Otros ingresos
cobro servicio online Otros ingresos;868.63;1;Otros ingresos
cobro proveedor habitual Otros ingresos;76.57;1;Otros ingresos
entrada servicio online Otros ingresos;372.69;1;Otros ingresos
cobro servicio online Otros ingresos;135.47;1;Otros ingresos
ingreso proveedor habitual Otros ingresos;671.04;1;Otros ingresos
abono proveedor habitual Otros ingresos;892.62;1;Otros ingresos
ingreso servicio online Otros ingresos;498.34;1;Otros ingresos
entrada proveedor habitual Otros ingresos;842.61;1;Otros ingresos
cobro servicio online Otros ingresos;623.60;1;Otros ingresos
entrada proveedor habitual Otros ingresos;437.41;1;Otros ingresos
cobro proveedor habitual Otros ingresos;366.58;1;Otros ingresos
abono servicio online Otros ingresos;780.56;1;Otros ingresos
entrada comercio local Otros ingresos;352.02;1;Otros ingresos
entrada comercio local Otros ingresos;313.13;1;Otros ingresos
cobro proveedor habitual Otros ingresos;796.42;1;Otros ingresos
abono servicio online Otros ingresos;697.47;1;Otros ingresos
abono servicio online Otros ingresos;563.45;1;Otros ingresos
cobro comercio local Otros ingresos;747.46;1;Otros ingresos
abono comercio local Otros ingresos;121.70;1;Otros ingresos
cobro tesoreria Pension;1228.42;1;Pension
cobro tesoreria Pension;958.39;1;Pension
entrada seguridad social Pension;1093.81;1;Pension
transferencia recibida seguridad social Pension;1562.36;1;Pension
entrada seguridad social Pension;1044.89;1;Pension
transferencia recibida tesoreria Pension;1019.69;1;Pension
transferencia recibida tesoreria Pension;1540.72;1;Pension
abono tesoreria Pension;773.91;1;Pension
ingreso seguridad social Pension;1501.25;1;Pension
abono seguridad social Pension;1170.00;1;Pension
entrada seguridad social Pension;1282.10;1;Pension
transferencia recibida seguridad social Pension;838.92;1;Pension
entrada tesoreria Pension;1154.76;1;Pension
transferencia recibida seguridad social Pension;1455.89;1;Pension
entrada tesoreria Pension;812.58;1;Pension
ingreso tesoreria Pension;1192.50;1;Pension
transferencia recibida seguridad social Pension;1794.86;1;Pension
entrada tesoreria Pension;1012.83;1;Pension
ingreso seguridad social Pension;1597.80;1;Pension
abono seguridad social Pension;1104.89;1;Pension
cobro seguridad social Pension;1580.85;1;Pension
ingreso tesoreria Pension;1639.36;1;Pension
transferencia recibida tesoreria Pension;798.77;1;Pension
entrada tesoreria Pension;1576.76;1;Pension
cobro tesoreria Pension;1633.05;1;Pension
abono seguridad social Pension;1267.09;1;Pension
abono seguridad social Pension;1329.77;1;Pension
abono tesoreria Pension;993.82;1;Pension
cobro tesoreria Pension;1631.51;1;Pension
transferencia recibida seguridad social Pension;1599.33;1;Pension
ingreso seguridad social Pension;1342.83;1;Pension
ingreso tesoreria Pension;987.17;1;Pension
transferencia recibida tesoreria Pension;1482.95;1;Pension
ingreso seguridad social Pension;1300.73;1;Pension
abono seguridad social Pension;1761.72;1;Pension
entrada seguridad social Pension;721.10;1;Pension
ingreso tesoreria Pension;1219.03;1;Pension
ingreso tesoreria Pension;1241.25;1;Pension
cobro seguridad social Pension;1423.21;1;Pension
abono tesoreria Pension;1439.36;1;Pension
ingreso tesoreria Pension;1342.38;1;Pension
transferencia recibida tesoreria Pension;767.64;1;Pension
abono seguridad social Pension;986.86;1;Pension
entrada seguridad social Pension;1550.59;1;Pension
entrada tesoreria Pension;1736.57;1;Pension
ingreso tesoreria Pension;1066.78;1;Pension
entrada tesoreria Pension;923.80;1;Pension
cobro tesoreria Pension;1415.71;1;Pension
abono seguridad social Pension;1681.66;1;Pension
ingreso tesoreria Pension;1541.82;1;Pension
transferencia recibida tesoreria Pension;1000.06;1;Pension
entrada seguridad social Pension;1663.30;1;Pension
cobro seguridad social Pension;1611.09;1;Pension
abono seguridad social Pension;1689.61;1;Pension
entrada tesoreria Pension;1039.20;1;Pension
cobro seguridad social Pension;1046.07;1;Pension
transferencia recibida tesoreria Pension;1195.94;1;Pension
ingreso tesoreria Pension;1755.93;1;Pension
abono tesoreria Pension;729.26;1;Pension
ingreso tesoreria Pension;1476.37;1;Pension
entrada servicio online Prestaciones;271.88;1;Prestaciones
cobro servicio online Prestaciones;473.39;1;Prestaciones
cobro comercio local Prestaciones;475.95;1;Prestaciones
transferencia recibida proveedor habitual Prestaciones;458.82;1;Prestaciones
ingreso proveedor habitual Prestaciones;854.63;1;Prestaciones
transferencia recibida servicio online Prestaciones;712.10;1;Prestaciones
ingreso proveedor habitual Prestaciones;386.79;1;Prestaciones
abono comercio local Prestaciones;706.09;1;Prestaciones
entrada proveedor habitual Prestaciones;388.57;1;Prestaciones
transferencia recibida servicio online Prestaciones;300.19;1;Prestaciones
ingreso comercio local Prestaciones;209.19;1;Prestaciones
cobro proveedor habitual Prestaciones;786.94;1;Prestaciones
ingreso proveedor habitual Prestaciones;639.11;1;Prestaciones
cobro comercio local Prestaciones;496.66;1;Prestaciones
ingreso servicio online Prestaciones;83.73;1;Prestaciones
ingreso servicio online Prestaciones;360.02;1;Prestaciones
cobro proveedor habitual Prestaciones;147.56;1;Prestaciones
transferencia recibida comercio local Prestaciones;494.95;1;Prestaciones
ingreso comercio local Prestaciones;520.40;1;Prestaciones
entrada servicio online Prestaciones;106.93;1;Prestaciones
transferencia recibida servicio online Prestaciones;113.40;1;Prestaciones
ingreso proveedor habitual Prestaciones;621.84;1;Prestaciones
ingreso comercio local Prestaciones;157.89;1;Prestaciones
ingreso comercio local Prestaciones;804.90;1;Prestaciones
transferencia recibida servicio online Prestaciones;95.76;1;Prestaciones
abono servicio online Prestaciones;712.92;1;Prestaciones
entrada comercio local Prestaciones;683.41;1;Prestaciones
transferencia recibida proveedor habitual Prestaciones;535.05;1;Prestaciones
transferencia recibida comercio local Prestaciones;413.93;1;Prestaciones
transferencia recibida proveedor habitual Prestaciones;765.86;1;Prestaciones
cobro comercio local Prestaciones;409.47;1;Prestaciones
transferencia recibida servicio online Prestaciones;872.71;1;Prestaciones
transferencia recibida servicio online Prestaciones;106.36;1;Prestaciones
cobro comercio local Prestaciones;265.61;1;Prestaciones
cobro proveedor habitual Prestaciones;723.51;1;Prestaciones
ingreso proveedor habitual Prestaciones;539.42;1;Prestaciones
entrada comercio local Prestaciones;129.84;1;Prestaciones
entrada servicio online Prestaciones;285.96;1;Prestaciones
transferencia recibida proveedor habitual Prestaciones;173.69;1;Prestaciones
cobro proveedor habitual Prestaciones;603.99;1;Prestaciones
cobro comercio local Prestaciones;428.44;1;Prestaciones
cobro comercio local Prestaciones;549.69;1;Prestaciones
ingreso comercio local Prestaciones;380.27;1;Prestaciones
entrada comercio local Prestaciones;703.64;1;Prestaciones
ingreso comercio local Prestaciones;551.88;1;Prestaciones
cobro comercio local Prestaciones;337.13;1;Prestaciones
transferencia recibida servicio online Prestaciones;879.83;1;Prestaciones
ingreso proveedor habitual Prestaciones;545.07;1;Prestaciones
cobro proveedor habitual Prestaciones;848.95;1;Prestaciones
abono comercio local Prestaciones;423.18;1;Prestaciones
cobro servicio online Prestaciones;469.04;1;Prestaciones
abono servicio online Prestaciones;85.41;1;Prestaciones
transferencia recibida proveedor habitual Prestaciones;329.52;1;Prestaciones
entrada comercio local Prestaciones;573.11;1;Prestaciones
cobro servicio online Prestaciones;30.01;1;Prestaciones
transferencia recibida servicio online Prestaciones;446.56;1;Prestaciones
cobro proveedor habitual Prestaciones;451.13;1;Prestaciones
entrada servicio online Prestaciones;643.36;1;Prestaciones
cobro servicio online Prestaciones;869.50;1;Prestaciones
ingreso comercio local Prestaciones;650.08;1;Prestaciones
entrada proveedor habitual Reembolsos;140.59;1;Reembolsos
transferencia recibida proveedor habitual Reembolsos;775.35;1;Reembolsos
abono proveedor habitual Reembolsos;360.51;1;Reembolsos
transferencia recibida comercio local Reembolsos;770.76;1;Reembolsos
cobro comercio local Reembolsos;627.27;1;Reembolsos
entrada proveedor habitual Reembolsos;494.94;1;Reembolsos
cobro proveedor habitual Reembolsos;231.35;1;Reembolsos
ingreso comercio local Reembolsos;665.75;1;Reembolsos
entrada comercio local Reembolsos;28.52;1;Reembolsos
entrada comercio local Reembolsos;730.48;1;Reembolsos
transferencia recibida proveedor habitual Reembolsos;421.75;1;Reembolsos
cobro comercio local Reembolsos;529.28;1;Reembolsos
entrada comercio local Reembolsos;64.92;1;Reembolsos
transferencia recibida proveedor habitual Reembolsos;67.36;1;Reembolsos
ingreso comercio local Reembolsos;326.31;1;Reembolsos
ingreso proveedor habitual Reembolsos;854.93;1;Reembolsos
transferencia recibida comercio local Reembolsos;222.00;1;Reembolsos
cobro proveedor habitual Reembolsos;529.64;1;Reembolsos
cobro comercio local Reembolsos;530.28;1;Reembolsos
entrada proveedor habitual Reembolsos;213.91;1;Reembolsos
abono comercio local Reembolsos;54.75;1;Reembolsos
abono servicio online Reembolsos;498.00;1;Reembolsos
abono servicio online Reembolsos;680.31;1;Reembolsos
ingreso proveedor habitual Reembolsos;669.40;1;Reembolsos
cobro servicio online Reembolsos;677.17;1;Reembolsos
transferencia recibida proveedor habitual Reembolsos;267.28;1;Reembolsos
entrada comercio local Reembolsos;596.23;1;Reembolsos
ingreso servicio online Reembolsos;796.92;1;Reembolsos
transferencia recibida comercio local Reembolsos;284.95;1;Reembolsos
ingreso proveedor habitual Reembolsos;747.23;1;Reembolsos
transferencia recibida proveedor habitual Reembolsos;671.33;1;Reembolsos
ingreso comercio local Reembolsos;849.77;1;Reembolsos
transferencia recibida comercio local Reembolsos;169.03;1;Reembolsos
ingreso comercio local Reembolsos;536.55;1;Reembolsos
entrada comercio local Reembolsos;286.99;1;Reembolsos
abono comercio local Reembolsos;691.56;1;Reembolsos
cobro proveedor habitual Reembolsos;830.26;1;Reembolsos
abono servicio online Reembolsos;52.96;1;Reembolsos
transferencia recibida servicio online Reembolsos;878.22;1;Reembolsos
ingreso proveedor habitual Reembolsos;242.06;1;Reembolsos
ingreso proveedor habitual Reembolsos;481.61;1;Reembolsos
cobro proveedor habitual Reembolsos;507.50;1;Reembolsos
ingreso servicio online Reembolsos;37.18;1;Reembolsos
cobro servicio online Reembolsos;727.40;1;Reembolsos
transferencia recibida proveedor habitual Reembolsos;447.85;1;Reembolsos
transferencia recibida comercio local Reembolsos;264.93;1;Reembolsos
cobro servicio online Reembolsos;61.98;1;Reembolsos
abono comercio local Reembolsos;709.88;1;Reembolsos
entrada servicio online Reembolsos;322.62;1;Reembolsos
transferencia recibida comercio local Reembolsos;293.22;1;Reembolsos
abono comercio local Reembolsos;586.36;1;Reembolsos
ingreso servicio online Reembolsos;653.01;1;Reembolsos
transferencia recibida proveedor habitual Reembolsos;560.19;1;Reembolsos
entrada comercio local Reembolsos;435.57;1;Reembolsos
ingreso proveedor habitual Reembolsos;42.68;1;Reembolsos
ingreso servicio online Reembolsos;581.47;1;Reembolsos
abono comercio local Reembolsos;104.20;1;Reembolsos
entrada servicio online Reembolsos;894.46;1;Reembolsos
ingreso proveedor habitual Reembolsos;408.07;1;Reembolsos
entrada comercio local Reembolsos;300.93;1;Reembolsos
movimiento servicio online Reformas y reparaciones;27.23;2;Reformas y reparaciones
factura servicio online Reformas y reparaciones;158.84;2;Reformas y reparaciones
cargo proveedor habitual Reformas y reparaciones;197.68;2;Reformas y reparaciones
ticket servicio online Reformas y reparaciones;271.45;2;Reformas y reparaciones
compra comercio local Reformas y reparaciones;72.50;2;Reformas y reparaciones
cargo comercio local Reformas y reparaciones;235.12;2;Reformas y reparaciones
compra proveedor habitual Reformas y reparaciones;311.34;2;Reformas y reparaciones
compra proveedor habitual Reformas y reparaciones;324.69;2;Reformas y reparaciones
pago tarjeta proveedor habitual Reformas y reparaciones;135.58;2;Reformas y reparaciones
cargo servicio online Reformas y reparaciones;349.67;2;Reformas y reparaciones
movimiento comercio local Reformas y reparaciones;213.26;2;Reformas y reparaciones
ticket proveedor habitual Reformas y reparaciones;130.62;2;Reformas y reparaciones
movimiento proveedor habitual Reformas y reparaciones;324.61;2;Reformas y reparaciones
factura proveedor habitual Reformas y reparaciones;236.82;2;Reformas y reparaciones
movimiento proveedor habitual Reformas y reparaciones;101.57;2;Reformas y reparaciones
compra comercio local Reformas y reparaciones;307.76;2;Reformas y reparaciones
factura proveedor habitual Reformas y reparaciones;79.62;2;Reformas y reparaciones
factura proveedor habitual Reformas y reparaciones;167.26;2;Reformas y reparaciones
ticket servicio online Reformas y reparaciones;180.88;2;Reformas y reparaciones
cargo proveedor habitual Reformas y reparaciones;177.74;2;Reformas y reparaciones
compra proveedor habitual Reformas y reparaciones;237.10;2;Reformas y reparaciones
compra servicio online Reformas y reparaciones;294.78;2;Reformas y reparaciones
compra proveedor habitual Reformas y reparaciones;108.32;2;Reformas y reparaciones
factura servicio online Reformas y reparaciones;82.40;2;Reformas y reparaciones
cargo servicio online Reformas y reparaciones;266.87;2;Reformas y reparaciones
movimiento proveedor habitual Reformas y reparaciones;282.92;2;Reformas y reparaciones
factura servicio online Reformas y reparaciones;303.84;2;Reformas y reparaciones
cargo comercio local Reformas y reparaciones;112.21;2;Reformas y reparaciones
pago tarjeta proveedor habitual Reformas y reparaciones;156.36;2;Reformas y reparaciones
movimiento servicio online Reformas y reparaciones;246.50;2;Reformas y reparaciones
factura servicio online Reformas y reparaciones;12.46;2;Reformas y reparaciones
movimiento proveedor habitual Reformas y reparaciones;117.48;2;Reformas y reparaciones
factura proveedor habitual Reformas y reparaciones;147.98;2;Reformas y reparaciones
ticket proveedor habitual Reformas y reparaciones;222.90;2;Reformas y reparaciones
compra servicio online Reformas y reparaciones;332.79;2;Reformas y reparaciones
pago tarjeta comercio local Reformas y reparaciones;183.64;2;Reformas y reparaciones
compra comercio local Reformas y reparaciones;333.24;2;Reformas y reparaciones
compra comercio local Reformas y reparaciones;238.96;2;Reformas y reparaciones
pago tarjeta servicio online Reformas y reparaciones;26.68;2;Reformas y reparaciones
factura comercio local Reformas y reparaciones;46.04;2;Reformas y reparaciones
ticket servicio online Reformas y reparaciones;219.13;2;Reformas y reparaciones
movimiento proveedor habitual Reformas y reparaciones;49.19;2;Reformas y reparaciones
factura comercio local Reformas y reparaciones;23.77;2;Reformas y reparaciones
ticket servicio online Reformas y reparaciones;175.47;2;Reformas y reparaciones
compra servicio online Reformas y reparaciones;81.15;2;Reformas y reparaciones
factura servicio online Reformas y reparaciones;260.04;2;Reformas y reparaciones
ticket proveedor habitual Reformas y reparaciones;337.84;2;Reformas y reparaciones
factura servicio online Reformas y reparaciones;211.57;2;Reformas y reparaciones
compra proveedor habitual Reformas y reparaciones;276.22;2;Reformas y reparaciones
cargo proveedor habitual Reformas y reparaciones;29.24;2;Reformas y reparaciones
movimiento comercio local Reformas y reparaciones;144.05;2;Reformas y reparaciones
movimiento servicio online Reformas y reparaciones;206.66;2;Reformas y reparaciones
pago tarjeta proveedor habitual Reformas y reparaciones;12.18;2;Reformas y reparaciones
factura comercio local Reformas y reparaciones;173.58;2;Reformas y reparaciones
pago tarjeta servicio online Reformas y reparaciones;311.81;2;Reformas y reparaciones
movimiento servicio online Reformas y reparaciones;225.81;2;Reformas y reparaciones
factura comercio local Reformas y reparaciones;160.17;2;Reformas y reparaciones
pago tarjeta comercio local Reformas y reparaciones;216.78;2;Reformas y reparaciones
compra proveedor habitual Reformas y reparaciones;263.36;2;Reformas y reparaciones
movimiento comercio local Reformas y reparaciones;114.85;2;Reformas y reparaciones
factura comercio local Regalos;119.76;2;Regalos
compra proveedor habitual Regalos;304.54;2;Regalos
movimiento proveedor habitual Regalos;212.56;2;Regalos
movimiento servicio online Regalos;106.89;2;Regalos
factura proveedor habitual Regalos;7.77;2;Regalos
cargo proveedor habitual Regalos;89.81;2;Regalos
cargo comercio local Regalos;280.63;2;Regalos
cargo proveedor habitual Regalos;185.03;2;Regalos
cargo comercio local Regalos;28.71;2;Regalos
compra proveedor habitual Regalos;179.28;2;Regalos
cargo comercio local Regalos;110.04;2;Regalos
pago tarjeta comercio local Regalos;302.56;2;Regalos
cargo servicio online Regalos;332.25;2;Regalos
pago tarjeta proveedor habitual Regalos;320.25;2;Regalos
pago tarjeta servicio online Regalos;188.95;2;Regalos
pago tarjeta proveedor habitual Regalos;230.04;2;Regalos
movimiento proveedor habitual Regalos;100.08;2;Regalos
pago tarjeta servicio online Regalos;5.51;2;Regalos
pago tarjeta comercio local Regalos;129.53;2;Regalos
factura servicio online Regalos;103.54;2;Regalos
movimiento proveedor habitual Regalos;256.44;2;Regalos
cargo comercio local Regalos;212.49;2;Regalos
cargo proveedor habitual Regalos;45.39;2;Regalos
factura servicio online Regalos;166.61;2;Regalos
factura proveedor habitual Regalos;27.64;2;Regalos
pago tarjeta comercio local Regalos;214.11;2;Regalos
compra servicio online Regalos;76.14;2;Regalos
compra proveedor habitual Regalos;66.47;2;Regalos
movimiento servicio online Regalos;71.22;2;Regalos
ticket servicio online Regalos;337.46;2;Regalos
compra proveedor habitual Regalos;64.52;2;Regalos
pago tarjeta comercio local Regalos;312.52;2;Regalos
compra servicio online Regalos;134.37;2;Regalos
factura comercio local Regalos;39.55;2;Regalos
ticket servicio online Regalos;213.14;2;Regalos
factura comercio local Regalos;338.21;2;Regalos
factura comercio local Regalos;245.23;2;Regalos
ticket servicio online Regalos;294.77;2;Regalos
compra comercio local Regalos;143.65;2;Regalos
pago tarjeta servicio online Regalos;72.98;2;Regalos
pago tarjeta proveedor habitual Regalos;53.35;2;Regalos
factura comercio local Regalos;328.54;2;Regalos
factura proveedor habitual Regalos;199.88;2;Regalos
ticket comercio local Regalos;84.97;2;Regalos
factura proveedor habitual Regalos;58.39;2;Regalos
pago tarjeta servicio online Regalos;158.57;2;Regalos
compra proveedor habitual Regalos;156.83;2;Regalos
movimiento comercio local Regalos;43.98;2;Regalos
factura comercio local Regalos;197.26;2;Regalos
cargo comercio local Regalos;39.95;2;Regalos
compra proveedor habitual Regalos;297.04;2;Regalos
cargo servicio online Regalos;72.79;2;Regalos
pago tarjeta proveedor habitual Regalos;189.43;2;Regalos
pago tarjeta servicio online Regalos;15.36;2;Regalos
movimiento servicio online Regalos;197.64;2;Regalos
compra proveedor habitual Regalos;106.65;2;Regalos
compra comercio local Regalos;327.25;2;Regalos
pago tarjeta proveedor habitual Regalos;326.03;2;Regalos
movimiento proveedor habitual Regalos;63.17;2;Regalos
factura servicio online Regalos;159.93;2;Regalos
cargo hamburgueseria Restaurantes;157.46;2;Restaurantes
pago tarjeta restaurante local Restaurantes;169.81;2;Restaurantes
pago tarjeta restaurante local Restaurantes;242.32;2;Restaurantes
movimiento hamburgueseria Restaurantes;29.17;2;Restaurantes
movimiento restaurante italiano Restaurantes;348.45;2;Restaurantes
ticket hamburgueseria Restaurantes;218.70;2;Restaurantes
ticket restaurante italiano Restaurantes;111.72;2;Restaurantes
ticket restaurante local Restaurantes;84.30;2;Restaurantes
factura hamburgueseria Restaurantes;103.50;2;Restaurantes
pago tarjeta restaurante italiano Restaurantes;75.58;2;Restaurantes
ticket restaurante local Restaurantes;308.73;2;Restaurantes
ticket restaurante local Restaurantes;291.95;2;Restaurantes
factura restaurante italiano Restaurantes;31.58;2;Restaurantes
cargo restaurante local Restaurantes;348.60;2;Restaurantes
factura restaurante local Restaurantes;37.23;2;Restaurantes
compra restaurante italiano Restaurantes;323.71;2;Restaurantes
ticket restaurante local Restaurantes;121.38;2;Restaurantes
factura restaurante italiano Restaurantes;185.82;2;Restaurantes
compra hamburgueseria Restaurantes;84.88;2;Restaurantes
cargo restaurante local Restaurantes;130.06;2;Restaurantes
factura hamburgueseria Restaurantes;238.37;2;Restaurantes
movimiento restaurante italiano Restaurantes;139.25;2;Restaurantes
ticket restaurante local Restaurantes;92.63;2;Restaurantes
pago tarjeta hamburgueseria Restaurantes;75.06;2;Restaurantes
movimiento hamburgueseria Restaurantes;315.31;2;Restaurantes
movimiento hamburgueseria Restaurantes;25.69;2;Restaurantes
pago tarjeta hamburgueseria Restaurantes;47.63;2;Restaurantes
movimiento restaurante italiano Restaurantes;250.32;2;Restaurantes
cargo restaurante local Restaurantes;325.25;2;Restaurantes
factura restaurante italiano Restaurantes;284.10;2;Restaurantes
ticket restaurante local Restaurantes;13.66;2;Restaurantes
movimiento restaurante italiano Restaurantes;261.70;2;Restaurantes
movimiento restaurante italiano Restaurantes;197.15;2;Restaurantes
compra hamburgueseria Restaurantes;292.46;2;Restaurantes
compra hamburgueseria Restaurantes;224.30;2;Restaurantes
cargo restaurante italiano Restaurantes;160.69;2;Restaurantes
movimiento restaurante italiano Restaurantes;154.71;2;Restaurantes
factura restaurante italiano Restaurantes;225.84;2;Restaurantes
ticket restaurante italiano Restaurantes;67.02;2;Restaurantes
ticket hamburgueseria Restaurantes;337.75;2;Restaurantes
compra hamburgueseria Restaurantes;344.67;2;Restaurantes
compra restaurante local Restaurantes;222.33;2;Restaurantes
factura restaurante local Restaurantes;284.89;2;Restaurantes
factura hamburgueseria Restaurantes;205.87;2;Restaurantes
compra restaurante italiano Restaurantes;326.77;2;Restaurantes
pago tarjeta restaurante local Restaurantes;255.37;2;Restaurantes
pago tarjeta hamburgueseria Restaurantes;87.49;2;Restaurantes
movimiento hamburgueseria Restaurantes;297.78;2;Restaurantes
ticket restaurante italiano Restaurantes;104.32;2;Restaurantes
cargo restaurante italiano Restaurantes;75.56;2;Restaurantes
pago tarjeta restaurante italiano Restaurantes;338.16;2;Restaurantes
movimiento restaurante local Restaurantes;101.22;2;Restaurantes
factura hamburgueseria Restaurantes;181.23;2;Restaurantes
ticket hamburgueseria Restaurantes;258.10;2;Restaurantes
movimiento hamburgueseria Restaurantes;186.83;2;Restaurantes
cargo hamburgueseria Restaurantes;265.60;2;Restaurantes
factura restaurante italiano Restaurantes;182.55;2;Restaurantes
cargo hamburgueseria Restaurantes;189.77;2;Restaurantes
compra restaurante italiano Restaurantes;138.70;2;Restaurantes
compra restaurante italiano Restaurantes;19.78;2;Restaurantes
cargo servicio online Retiradas de efectivo;118.73;2;Retiradas de efectivo
factura servicio online Retiradas de efectivo;46.90;2;Retiradas de efectivo
pago tarjeta proveedor habitual Retiradas de efectivo;59.65;2;Retiradas de efectivo
movimiento servicio online Retiradas de efectivo;61.95;2;Retiradas de efectivo
movimiento comercio local Retiradas de efectivo;93.70;2;Retiradas de efectivo
pago tarjeta proveedor habitual Retiradas de efectivo;265.19;2;Retiradas de efectivo
pago tarjeta servicio online Retiradas de efectivo;35.22;2;Retiradas de efectivo
factura proveedor habitual Retiradas de efectivo;290.50;2;Retiradas de efectivo
compra proveedor habitual Retiradas de efectivo;296.26;2;Retiradas de efectivo
pago tarjeta servicio online Retiradas de efectivo;172.27;2;Retiradas de efectivo
ticket servicio online Retiradas de efectivo;337.08;2;Retiradas de efectivo
factura comercio local Retiradas de efectivo;232.89;2;Retiradas de efectivo
cargo proveedor habitual Retiradas de efectivo;19.81;2;Retiradas de efectivo
compra servicio online Retiradas de efectivo;103.06;2;Retiradas de efectivo
pago tarjeta proveedor habitual Retiradas de efectivo;171.26;2;Retiradas de efectivo
movimiento servicio online Retiradas de efectivo;325.08;2;Retiradas de efectivo
cargo servicio online Retiradas de efectivo;217.72;2;Retiradas de efectivo
pago tarjeta proveedor habitual Retiradas de efectivo;134.71;2;Retiradas de efectivo
pago tarjeta comercio local Retiradas de efectivo;103.35;2;Retiradas de efectivo
cargo proveedor habitual Retiradas de efectivo;312.15;2;Retiradas de efectivo
movimiento comercio local Retiradas de efectivo;14.24;2;Retiradas de efectivo
compra comercio local Retiradas de efectivo;28.54;2;Retiradas de efectivo
movimiento proveedor habitual Retiradas de efectivo;38.72;2;Retiradas de efectivo
movimiento servicio online Retiradas de efectivo;57.21;2;Retiradas de efectivo
compra comercio local Retiradas de efectivo;109.95;2;Retiradas de efectivo
movimiento proveedor habitual Retiradas de efectivo;302.76;2;Retiradas de efectivo
factura comercio local Retiradas de efectivo;41.05;2;Retiradas de efectivo
compra servicio online Retiradas de efectivo;79.95;2;Retiradas de efectivo
factura servicio online Retiradas de efectivo;66.34;2;Retiradas de efectivo
factura servicio online Retiradas de efectivo;132.64;2;Retiradas de efectivo
pago tarjeta comercio local Retiradas de efectivo;68.05;2;Retiradas de efectivo
compra proveedor habitual Retiradas de efectivo;175.67;2;Retiradas de efectivo
ticket servicio online Retiradas de efectivo;116.67;2;Retiradas de efectivo
ticket proveedor habitual Retiradas de efectivo;338.70;2;Retiradas de efectivo
movimiento comercio local Retiradas de efectivo;96.20;2;Retiradas de efectivo
ticket proveedor habitual Retiradas de efectivo;169.33;2;Retiradas de efectivo
cargo comercio local Retiradas de efectivo;28.87;2;Retiradas de efectivo
pago tarjeta proveedor habitual Retiradas de efectivo;343.64;2;Retiradas de efectivo
factura servicio online Retiradas de efectivo;129.61;2;Retiradas de efectivo
pago tarjeta servicio online Retiradas de efectivo;261.33;2;Retiradas de efectivo
cargo comercio local Retiradas de efectivo;289.81;2;Retiradas de efectivo
ticket servicio online Retiradas de efectivo;111.69;2;Retiradas de efectivo
compra comercio local Retiradas de efectivo;158.44;2;Retiradas de efectivo
compra proveedor habitual Retiradas de efectivo;334.47;2;Retiradas de efectivo
factura servicio online Retiradas de efectivo;115.77;2;Retiradas de efectivo
pago tarjeta proveedor habitual Retiradas de efectivo;174.18;2;Retiradas de efectivo
factura comercio local Retiradas de efectivo;167.62;2;Retiradas de efectivo
compra comercio local Retiradas de efectivo;217.73;2;Retiradas de efectivo
ticket proveedor habitual Retiradas de efectivo;76.01;2;Retiradas de efectivo
ticket servicio online Retiradas de efectivo;192.40;2;Retiradas de efectivo
compra comercio local Retiradas de efectivo;107.74;2;Retiradas de efectivo
movimiento proveedor habitual Retiradas de efectivo;95.15;2;Retiradas de efectivo
pago tarjeta comercio local Retiradas de efectivo;275.51;2;Retiradas de efectivo
ticket proveedor habitual Retiradas de efectivo;334.25;2;Retiradas de efectivo
pago tarjeta comercio local Retiradas de efectivo;144.15;2;Retiradas de efectivo
movimiento servicio online Retiradas de efectivo;15.92;2;Retiradas de efectivo
cargo proveedor habitual Retiradas de efectivo;156.01;2;Retiradas de efectivo
movimiento comercio local Retiradas de efectivo;306.73;2;Retiradas de efectivo
compra servicio online Retiradas de efectivo;280.96;2;Retiradas de efectivo
factura proveedor habitual Retiradas de efectivo;45.11;2;Retiradas de efectivo
compra mango Ropa y accesorios;302.51;2;Ropa y accesorios
movimiento zara Ropa y accesorios;330.91;2;Ropa y accesorios
cargo zara Ropa y accesorios;264.35;2;Ropa y accesorios
cargo hm Ropa y accesorios;338.33;2;Ropa y accesorios
pago tarjeta zara Ropa y accesorios;263.75;2;Ropa y accesorios
compra zara Ropa y accesorios;120.34;2;Ropa y accesorios
movimiento mango Ropa y accesorios;19.17;2;Ropa y accesorios
compra mango Ropa y accesorios;283.87;2;Ropa y accesorios
cargo mango Ropa y accesorios;328.76;2;Ropa y accesorios
pago tarjeta hm Ropa y accesorios;46.89;2;Ropa y accesorios
pago tarjeta hm Ropa y accesorios;215.26;2;Ropa y accesorios
compra zara Ropa y accesorios;116.77;2;Ropa y accesorios
ticket zara Ropa y accesorios;141.96;2;Ropa y accesorios
compra mango Ropa y accesorios;142.03;2;Ropa y accesorios
ticket hm Ropa y accesorios;243.14;2;Ropa y accesorios
compra hm Ropa y accesorios;160.72;2;Ropa y accesorios
compra zara Ropa y accesorios;248.41;2;Ropa y accesorios
movimiento zara Ropa y accesorios;248.63;2;Ropa y accesorios
movimiento zara Ropa y accesorios;119.31;2;Ropa y accesorios
cargo mango Ropa y accesorios;287.34;2;Ropa y accesorios
ticket zara Ropa y accesorios;180.64;2;Ropa y accesorios
cargo zara Ropa y accesorios;41.64;2;Ropa y accesorios
ticket mango Ropa y accesorios;62.56;2;Ropa y accesorios
factura mango Ropa y accesorios;277.28;2;Ropa y accesorios
pago tarjeta mango Ropa y accesorios;206.82;2;Ropa y accesorios
pago tarjeta hm Ropa y accesorios;51.35;2;Ropa y accesorios
pago tarjeta mango Ropa y accesorios;241.21;2;Ropa y accesorios
cargo hm Ropa y accesorios;169.39;2;Ropa y accesorios
movimiento hm Ropa y accesorios;334.96;2;Ropa y accesorios
factura zara Ropa y accesorios;105.09;2;Ropa y accesorios
factura zara Ropa y accesorios;163.56;2;Ropa y accesorios
ticket mango Ropa y accesorios;347.92;2;Ropa y accesorios
cargo zara Ropa y accesorios;186.82;2;Ropa y accesorios
ticket hm Ropa y accesorios;120.53;2;Ropa y accesorios
compra hm Ropa y accesorios;210.27;2;Ropa y accesorios
movimiento zara Ropa y accesorios;97.44;2;Ropa y accesorios
ticket zara Ropa y accesorios;252.04;2;Ropa y accesorios
movimiento hm Ropa y accesorios;51.06;2;Ropa y accesorios
factura zara Ropa y accesorios;289.09;2;Ropa y accesorios
movimiento zara Ropa y accesorios;301.80;2;Ropa y accesorios
compra hm Ropa y accesorios;223.20;2;Ropa y accesorios
ticket mango Ropa y accesorios;247.36;2;Ropa y accesorios
pago tarjeta zara Ropa y accesorios;154.78;2;Ropa y accesorios
movimiento mango Ropa y accesorios;153.75;2;Ropa y accesorios
pago tarjeta mango Ropa y accesorios;309.99;2;Ropa y accesorios
compra zara Ropa y accesorios;334.24;2;Ropa y accesorios
cargo zara Ropa y accesorios;20.62;2;Ropa y accesorios
compra mango Ropa y accesorios;318.85;2;Ropa y accesorios
ticket mango Ropa y accesorios;334.15;2;Ropa y accesorios
factura mango Ropa y accesorios;91.11;2;Ropa y accesorios
ticket mango Ropa y accesorios;100.45;2;Ropa y accesorios
cargo hm Ropa y accesorios;264.32;2;Ropa y accesorios
pago tarjeta zara Ropa y accesorios;63.04;2;Ropa y accesorios
compra hm Ropa y accesorios;247.27;2;Ropa y accesorios
factura zara Ropa y accesorios;172.14;2;Ropa y accesorios
cargo mango Ropa y accesorios;167.34;2;Ropa y accesorios
cargo hm Ropa y accesorios;166.00;2;Ropa y accesorios
ticket mango Ropa y accesorios;9.14;2;Ropa y accesorios
ticket zara Ropa y accesorios;108.32;2;Ropa y accesorios
cargo hm Ropa y accesorios;247.71;2;Ropa y accesorios
movimiento clinica Salud;26.91;2;Salud
ticket clinica Salud;41.89;2;Salud
movimiento clinica Salud;316.34;2;Salud
cargo centro medico Salud;24.81;2;Salud
cargo centro medico Salud;331.81;2;Salud
pago tarjeta clinica Salud;97.72;2;Salud
cargo centro medico Salud;168.30;2;Salud
compra clinica Salud;331.34;2;Salud
pago tarjeta clinica Salud;9.12;2;Salud
ticket centro medico Salud;269.75;2;Salud
ticket clinica Salud;233.66;2;Salud
compra clinica Salud;261.07;2;Salud
cargo centro medico Salud;169.50;2;Salud
factura centro medico Salud;54.99;2;Salud
cargo clinica Salud;153.14;2;Salud
ticket clinica Salud;18.96;2;Salud
compra centro medico Salud;94.64;2;Salud
compra clinica Salud;195.72;2;Salud
cargo centro medico Salud;256.95;2;Salud
movimiento clinica Salud;160.90;2;Salud
ticket clinica Salud;149.20;2;Salud
pago tarjeta clinica Salud;207.29;2;Salud
cargo clinica Salud;70.18;2;Salud
compra clinica Salud;334.14;2;Salud
factura clinica Salud;116.57;2;Salud
ticket centro medico Salud;134.54;2;Salud
cargo clinica Salud;292.46;2;Salud
factura clinica Salud;87.77;2;Salud
pago tarjeta clinica Salud;210.56;2;Salud
compra clinica Salud;155.38;2;Salud
cargo clinica Salud;16.15;2;Salud
pago tarjeta clinica Salud;283.53;2;Salud
movimiento clinica Salud;131.27;2;Salud
movimiento clinica Salud;27.38;2;Salud
cargo centro medico Salud;15.43;2;Salud
factura centro medico Salud;27.80;2;Salud
pago tarjeta clinica Salud;199.19;2;Salud
compra clinica Salud;240.17;2;Salud
cargo clinica Salud;73.58;2;Salud
pago tarjeta clinica Salud;41.29;2;Salud
cargo clinica Salud;95.77;2;Salud
cargo clinica Salud;206.40;2;Salud
cargo clinica Salud;269.50;2;Salud
pago tarjeta centro medico Salud;211.50;2;Salud
ticket clinica Salud;74.85;2;Salud
cargo clinica Salud;149.91;2;Salud
movimiento centro medico Salud;300.52;2;Salud
pago tarjeta centro medico Salud;130.67;2;Salud
pago tarjeta centro medico Salud;177.07;2;Salud
pago tarjeta centro medico Salud;80.27;2;Salud
pago tarjeta centro medico Salud;50.26;2;Salud
compra clinica Salud;259.25;2;Salud
ticket clinica Salud;314.24;2;Salud
movimiento centro medico Salud;339.55;2;Salud
factura centro medico Salud;197.95;2;Salud
pago tarjeta centro medico Salud;138.54;2;Salud
factura centro medico Salud;171.65;2;Salud
ticket centro medico Salud;223.93;2;Salud
compra centro medico Salud;78.28;2;Salud
cargo clinica Salud;20.09;2;Salud
cargo centro medico Salud y belleza;112.91;2;Salud y belleza
ticket clinica Salud y belleza;40.80;2;Salud y belleza
pago tarjeta clinica Salud y belleza;127.69;2;Salud y belleza
compra centro medico Salud y belleza;314.42;2;Salud y belleza
cargo clinica Salud y belleza;154.53;2;Salud y belleza
factura clinica Salud y belleza;260.98;2;Salud y belleza
compra clinica Salud y belleza;88.53;2;Salud y belleza
pago tarjeta centro medico Salud y belleza;196.78;2;Salud y belleza
movimiento centro medico Salud y belleza;237.37;2;Salud y belleza
ticket clinica Salud y belleza;39.81;2;Salud y belleza
ticket centro medico Salud y belleza;82.65;2;Salud y belleza
ticket clinica Salud y belleza;144.39;2;Salud y belleza
pago tarjeta clinica Salud y belleza;326.32;2;Salud y belleza
pago tarjeta clinica Salud y belleza;232.30;2;Salud y belleza
pago tarjeta clinica Salud y belleza;88.46;2;Salud y belleza
pago tarjeta centro medico Salud y belleza;104.56;2;Salud y belleza
ticket clinica Salud y belleza;117.06;2;Salud y belleza
movimiento centro medico Salud y belleza;199.90;2;Salud y belleza
movimiento centro medico Salud y belleza;201.08;2;Salud y belleza
pago tarjeta centro medico Salud y belleza;145.56;2;Salud y belleza
compra clinica Salud y belleza;226.32;2;Salud y belleza
ticket centro medico Salud y belleza;182.92;2;Salud y belleza
cargo centro medico Salud y belleza;321.26;2;Salud y belleza
compra centro medico Salud y belleza;63.48;2;Salud y belleza
pago tarjeta centro medico Salud y belleza;154.91;2;Salud y belleza
cargo clinica Salud y belleza;245.14;2;Salud y belleza
ticket clinica Salud y belleza;224.75;2;Salud y belleza
cargo clinica Salud y belleza;7.95;2;Salud y belleza
cargo clinica Salud y belleza;146.74;2;Salud y belleza
ticket centro medico Salud y belleza;95.82;2;Salud y belleza
movimiento centro medico Salud y belleza;33.23;2;Salud y belleza
pago tarjeta centro medico Salud y belleza;141.61;2;Salud y belleza
compra centro medico Salud y belleza;297.73;2;Salud y belleza
movimiento centro medico Salud y belleza;220.71;2;Salud y belleza
movimiento clinica Salud y belleza;99.93;2;Salud y belleza
movimiento clinica Salud y belleza;280.46;2;Salud y belleza
factura centro medico Salud y belleza;171.16;2;Salud y belleza
movimiento centro medico Salud y belleza;75.05;2;Salud y belleza
ticket clinica Salud y belleza;257.07;2;Salud y belleza
factura centro medico Salud y belleza;91.35;2;Salud y belleza
factura clinica Salud y belleza;287.43;2;Salud y belleza
ticket clinica Salud y belleza;283.33;2;Salud y belleza
compra centro medico Salud y belleza;239.85;2;Salud y belleza
factura clinica Salud y belleza;136.42;2;Salud y belleza
movimiento centro medico Salud y belleza;247.05;2;Salud y belleza
pago tarjeta clinica Salud y belleza;344.38;2;Salud y belleza
movimiento clinica Salud y belleza;5.63;2;Salud y belleza
pago tarjeta clinica Salud y belleza;209.00;2;Salud y belleza
pago tarjeta clinica Salud y belleza;167.97;2;Salud y belleza
compra clinica Salud y belleza;167.95;2;Salud y belleza
pago tarjeta centro medico Salud y belleza;112.42;2;Salud y belleza
movimiento centro medico Salud y belleza;292.21;2;Salud y belleza
ticket centro medico Salud y belleza;170.19;2;Salud y belleza
movimiento clinica Salud y belleza;300.52;2;Salud y belleza
compra clinica Salud y belleza;48.15;2;Salud y belleza
compra centro medico Salud y belleza;20.41;2;Salud y belleza
ticket clinica Salud y belleza;122.58;2;Salud y belleza
movimiento clinica Salud y belleza;42.95;2;Salud y belleza
movimiento centro medico Salud y belleza;289.23;2;Salud y belleza
cargo clinica Salud y belleza;271.94;2;Salud y belleza
factura proveedor habitual Seguros y comisiones;283.05;2;Seguros y comisiones
factura proveedor habitual Seguros y comisiones;80.11;2;Seguros y comisiones
compra proveedor habitual Seguros y comisiones;7.20;2;Seguros y comisiones
pago tarjeta servicio online Seguros y comisiones;324.19;2;Seguros y comisiones
cargo proveedor habitual Seguros y comisiones;231.88;2;Seguros y comisiones
pago tarjeta servicio online Seguros y comisiones;108.30;2;Seguros y comisiones
compra proveedor habitual Seguros y comisiones;104.04;2;Seguros y comisiones
movimiento servicio online Seguros y comisiones;89.26;2;Seguros y comisiones
compra comercio local Seguros y comisiones;183.89;2;Seguros y comisiones
pago tarjeta servicio online Seguros y comisiones;204.27;2;Seguros y comisiones
factura servicio online Seguros y comisiones;241.85;2;Seguros y comisiones
compra servicio online Seguros y comisiones;254.79;2;Seguros y comisiones
cargo servicio online Seguros y comisiones;82.32;2;Seguros y comisiones
compra proveedor habitual Seguros y comisiones;277.29;2;Seguros y comisiones
factura proveedor habitual Seguros y comisiones;16.98;2;Seguros y comisiones
ticket comercio local Seguros y comisiones;332.78;2;Seguros y comisiones
compra servicio online Seguros y comisiones;174.88;2;Seguros y comisiones
cargo comercio local Seguros y comisiones;277.86;2;Seguros y comisiones
pago tarjeta servicio online Seguros y comisiones;108.15;2;Seguros y comisiones
factura comercio local Seguros y comisiones;253.90;2;Seguros y comisiones
movimiento proveedor habitual Seguros y comisiones;95.20;2;Seguros y comisiones
ticket servicio online Seguros y comisiones;265.27;2;Seguros y comisiones
compra proveedor habitual Seguros y comisiones;238.77;2;Seguros y comisiones
ticket servicio online Seguros y comisiones;63.98;2;Seguros y comisiones
ticket servicio online Seguros y comisiones;107.86;2;Seguros y comisiones
movimiento servicio online Seguros y comisiones;289.89;2;Seguros y comisiones
factura servicio online Seguros y comisiones;239.13;2;Seguros y comisiones
cargo proveedor habitual Seguros y comisiones;74.65;2;Seguros y comisiones
movimiento proveedor habitual Seguros y comisiones;116.93;2;Seguros y comisiones
factura comercio local Seguros y comisiones;45.75;2;Seguros y comisiones
movimiento comercio local Seguros y comisiones;290.42;2;Seguros y comisiones
pago tarjeta proveedor habitual Seguros y comisiones;137.88;2;Seguros y comisiones
cargo servicio online Seguros y comisiones;243.94;2;Seguros y comisiones
compra comercio local Seguros y comisiones;164.76;2;Seguros y comisiones
pago tarjeta proveedor habitual Seguros y comisiones;12.97;2;Seguros y comisiones
factura proveedor habitual Seguros y comisiones;196.95;2;Seguros y comisiones
cargo comercio local Seguros y comisiones;148.33;2;Seguros y comisiones
ticket servicio online Seguros y comisiones;342.34;2;Seguros y comisiones
factura proveedor habitual Seguros y comisiones;100.10;2;Seguros y comisiones
factura proveedor habitual Seguros y comisiones;245.50;2;Seguros y comisiones
factura comercio local Seguros y comisiones;191.82;2;Seguros y comisiones
cargo comercio local Seguros y comisiones;324.61;2;Seguros y comisiones
ticket proveedor habitual Seguros y comisiones;171.34;2;Seguros y comisiones
factura proveedor habitual Seguros y comisiones;300.61;2;Seguros y comisiones
ticket proveedor habitual Seguros y comisiones;49.05;2;Seguros y comisiones
cargo comercio local Seguros y comisiones;81.47;2;Seguros y comisiones
compra proveedor habitual Seguros y comisiones;312.24;2;Seguros y comisiones
compra comercio local Seguros y comisiones;165.99;2;Seguros y comisiones
movimiento comercio local Seguros y comisiones;25.84;2;Seguros y comisiones
movimiento proveedor habitual Seguros y comisiones;148.09;2;Seguros y comisiones
movimiento servicio online Seguros y comisiones;74.62;2;Seguros y comisiones
cargo proveedor habitual Seguros y comisiones;288.70;2;Seguros y comisiones
movimiento servicio online Seguros y comisiones;7.93;2;Seguros y comisiones
cargo proveedor habitual Seguros y comisiones;256.54;2;Seguros y comisiones
ticket comercio local Seguros y comisiones;138.47;2;Seguros y comisiones
movimiento servicio online Seguros y comisiones;58.70;2;Seguros y comisiones
compra proveedor habitual Seguros y comisiones;103.86;2;Seguros y comisiones
pago tarjeta comercio local Seguros y comisiones;258.42;2;Seguros y comisiones
ticket servicio online Seguros y comisiones;113.93;2;Seguros y comisiones
pago tarjeta proveedor habitual Seguros y comisiones;191.30;2;Seguros y comisiones
movimiento servicio online Servicios;344.26;2;Servicios
factura comercio local Servicios;122.19;2;Servicios
factura comercio local Servicios;34.52;2;Servicios
factura proveedor habitual Servicios;329.55;2;Servicios
compra servicio online Servicios;119.09;2;Servicios
pago tarjeta proveedor habitual Servicios;105.11;2;Servicios
factura comercio local Servicios;199.62;2;Servicios
cargo comercio local Servicios;167.23;2;Servicios
cargo comercio local Servicios;306.58;2;Servicios
ticket comercio local Servicios;139.67;2;Servicios
cargo servicio online Servicios;193.57;2;Servicios
factura comercio local Servicios;145.37;2;Servicios
movimiento proveedor habitual Servicios;216.19;2;Servicios
ticket comercio local Servicios;258.63;2;Servicios
compra servicio online Servicios;134.95;2;Servicios
movimiento proveedor habitual Servicios;120.34;2;Servicios
movimiento comercio local Servicios;102.52;2;Servicios
cargo comercio local Servicios;61.17;2;Servicios
factura proveedor habitual Servicios;289.83;2;Servicios
ticket proveedor habitual Servicios;329.35;2;Servicios
movimiento servicio online Servicios;198.81;2;Servicios
cargo servicio online Servicios;169.35;2;Servicios
cargo proveedor habitual Servicios;143.37;2;Servicios
ticket comercio local Servicios;171.26;2;Servicios
ticket proveedor habitual Servicios;215.87;2;Servicios
cargo comercio local Servicios;345.88;2;Servicios
pago tarjeta comercio local Servicios;156.54;2;Servicios
movimiento servicio online Servicios;194.94;2;Servicios
compra comercio local Servicios;11.11;2;Servicios
pago tarjeta servicio online Servicios;223.65;2;Servicios
factura servicio online Servicios;55.35;2;Servicios
pago tarjeta comercio local Servicios;25.80;2;Servicios
movimiento servicio online Servicios;242.01;2;Servicios
ticket proveedor habitual Servicios;151.71;2;Servicios
ticket proveedor habitual Servicios;329.14;2;Servicios
pago tarjeta proveedor habitual Servicios;292.64;2;Servicios
factura servicio online Servicios;319.85;2;Servicios
factura servicio online Servicios;336.06;2;Servicios
cargo servicio online Servicios;333.95;2;Servicios
factura proveedor habitual Servicios;245.49;2;Servicios
factura proveedor habitual Servicios;341.93;2;Servicios
compra proveedor habitual Servicios;78.72;2;Servicios
movimiento servicio online Servicios;258.33;2;Servicios
factura proveedor habitual Servicios;297.55;2;Servicios
factura comercio local Servicios;113.80;2;Servicios
cargo proveedor habitual Servicios;101.74;2;Servicios
ticket proveedor habitual Servicios;189.77;2;Servicios
pago tarjeta servicio online Servicios;295.65;2;Servicios
factura comercio local Servicios;134.01;2;Servicios
ticket comercio local Servicios;14.57;2;Servicios
ticket comercio local Servicios;287.29;2;Servicios
cargo comercio local Servicios;115.88;2;Servicios
pago tarjeta proveedor habitual Servicios;225.02;2;Servicios
ticket servicio online Servicios;271.89;2;Servicios
factura proveedor habitual Servicios;336.03;2;Servicios
movimiento proveedor habitual Servicios;69.30;2;Servicios
pago tarjeta comercio local Servicios;112.18;2;Servicios
ticket servicio online Servicios;43.32;2;Servicios
factura proveedor habitual Servicios;319.98;2;Servicios
pago tarjeta comercio local Servicios;46.08;2;Servicios
movimiento proveedor habitual Shopping Other;79.03;2;Shopping Other
pago tarjeta servicio online Shopping Other;35.70;2;Shopping Other
pago tarjeta comercio local Shopping Other;94.10;2;Shopping Other
movimiento comercio local Shopping Other;144.54;2;Shopping Other
compra servicio online Shopping Other;40.76;2;Shopping Other
compra comercio local Shopping Other;70.59;2;Shopping Other
compra servicio online Shopping Other;301.13;2;Shopping Other
cargo servicio online Shopping Other;181.71;2;Shopping Other
ticket comercio local Shopping Other;189.58;2;Shopping Other
factura comercio local Shopping Other;287.19;2;Shopping Other
pago tarjeta comercio local Shopping Other;239.25;2;Shopping Other
movimiento proveedor habitual Shopping Other;23.20;2;Shopping Other
cargo proveedor habitual Shopping Other;67.30;2;Shopping Other
compra servicio online Shopping Other;118.38;2;Shopping Other
cargo proveedor habitual Shopping Other;247.03;2;Shopping Other
movimiento comercio local Shopping Other;101.86;2;Shopping Other
movimiento comercio local Shopping Other;135.11;2;Shopping Other
cargo comercio local Shopping Other;281.71;2;Shopping Other
factura proveedor habitual Shopping Other;313.00;2;Shopping Other
factura proveedor habitual Shopping Other;35.17;2;Shopping Other
movimiento comercio local Shopping Other;291.55;2;Shopping Other
compra servicio online Shopping Other;292.79;2;Shopping Other
ticket comercio local Shopping Other;48.09;2;Shopping Other
cargo servicio online Shopping Other;247.37;2;Shopping Other
movimiento comercio local Shopping Other;25.95;2;Shopping Other
compra proveedor habitual Shopping Other;221.12;2;Shopping Other
factura servicio online Shopping Other;105.95;2;Shopping Other
pago tarjeta proveedor habitual Shopping Other;91.71;2;Shopping Other
cargo proveedor habitual Shopping Other;162.97;2;Shopping Other
factura servicio online Shopping Other;201.23;2;Shopping Other
movimiento proveedor habitual Shopping Other;224.94;2;Shopping Other
cargo servicio online Shopping Other;275.31;2;Shopping Other
cargo comercio local Shopping Other;117.12;2;Shopping Other
pago tarjeta comercio local Shopping Other;159.80;2;Shopping Other
compra servicio online Shopping Other;317.81;2;Shopping Other
cargo servicio online Shopping Other;159.99;2;Shopping Other
cargo servicio online Shopping Other;236.45;2;Shopping Other
ticket proveedor habitual Shopping Other;51.63;2;Shopping Other
ticket proveedor habitual Shopping Other;327.94;2;Shopping Other
pago tarjeta proveedor habitual Shopping Other;228.44;2;Shopping Other
pago tarjeta comercio local Shopping Other;295.93;2;Shopping Other
pago tarjeta proveedor habitual Shopping Other;24.81;2;Shopping Other
factura comercio local Shopping Other;124.69;2;Shopping Other
cargo comercio local Shopping Other;297.40;2;Shopping Other
cargo proveedor habitual Shopping Other;131.41;2;Shopping Other
factura servicio online Shopping Other;16.89;2;Shopping Other
ticket comercio local Shopping Other;318.37;2;Shopping Other
pago tarjeta proveedor habitual Shopping Other;109.96;2;Shopping Other
cargo servicio online Shopping Other;285.14;2;Shopping Other
cargo servicio online Shopping Other;111.39;2;Shopping Other
movimiento servicio online Shopping Other;186.04;2;Shopping Other
factura comercio local Shopping Other;55.07;2;Shopping Other
movimiento comercio local Shopping Other;7.13;2;Shopping Other
pago tarjeta comercio local Shopping Other;291.24;2;Shopping Other
cargo proveedor habitual Shopping Other;216.55;2;Shopping Other
ticket servicio online Shopping Other;156.92;2;Shopping Other
factura comercio local Shopping Other;257.68;2;Shopping Other
compra comercio local Shopping Other;22.97;2;Shopping Other
ticket proveedor habitual Shopping Other;308.98;2;Shopping Other
movimiento servicio online Shopping Other;85.78;2;Shopping Other
cargo proveedor habitual Sin categorizar;75.14;2;Sin categorizar
cargo comercio local Sin categorizar;315.38;2;Sin categorizar
pago tarjeta comercio local Sin categorizar;219.07;2;Sin categorizar
movimiento comercio local Sin categorizar;96.79;2;Sin categorizar
cargo comercio local Sin categorizar;42.19;2;Sin categorizar
movimiento servicio online Sin categorizar;216.18;2;Sin categorizar
movimiento servicio online Sin categorizar;76.62;2;Sin categorizar
compra comercio local Sin categorizar;125.56;2;Sin categorizar
factura servicio online Sin categorizar;204.57;2;Sin categorizar
ticket proveedor habitual Sin categorizar;250.03;2;Sin categorizar
ticket servicio online Sin categorizar;254.67;2;Sin categorizar
pago tarjeta proveedor habitual Sin categorizar;224.66;2;Sin categorizar
movimiento comercio local Sin categorizar;330.69;2;Sin categorizar
ticket servicio online Sin categorizar;195.33;2;Sin categorizar
movimiento comercio local Sin categorizar;149.29;2;Sin categorizar
cargo servicio online Sin categorizar;22.77;2;Sin categorizar
compra comercio local Sin categorizar;23.29;2;Sin categorizar
pago tarjeta comercio local Sin categorizar;272.73;2;Sin categorizar
cargo comercio local Sin categorizar;64.72;2;Sin categorizar
movimiento servicio online Sin categorizar;16.68;2;Sin categorizar
movimiento proveedor habitual Sin categorizar;329.76;2;Sin categorizar
ticket proveedor habitual Sin categorizar;124.48;2;Sin categorizar
compra comercio local Sin categorizar;138.31;2;Sin categorizar
compra servicio online Sin categorizar;323.06;2;Sin categorizar
cargo comercio local Sin categorizar;246.02;2;Sin categorizar
movimiento proveedor habitual Sin categorizar;216.78;2;Sin categorizar
pago tarjeta proveedor habitual Sin categorizar;289.66;2;Sin categorizar
factura comercio local Sin categorizar;287.25;2;Sin categorizar
cargo servicio online Sin categorizar;54.57;2;Sin categorizar
pago tarjeta comercio local Sin categorizar;267.84;2;Sin categorizar
movimiento proveedor habitual Sin categorizar;187.62;2;Sin categorizar
movimiento servicio online Sin categorizar;206.38;2;Sin categorizar
pago tarjeta comercio local Sin categorizar;221.68;2;Sin categorizar
compra comercio local Sin categorizar;113.42;2;Sin categorizar
compra comercio local Sin categorizar;14.60;2;Sin categorizar
factura proveedor habitual Sin categorizar;253.77;2;Sin categorizar
pago tarjeta proveedor habitual Sin categorizar;166.88;2;Sin categorizar
pago tarjeta comercio local Sin categorizar;150.96;2;Sin categorizar
cargo proveedor habitual Sin categorizar;249.78;2;Sin categorizar
pago tarjeta servicio online Sin categorizar;286.08;2;Sin categorizar
compra comercio local Sin categorizar;306.71;2;Sin categorizar
cargo comercio local Sin categorizar;334.13;2;Sin categorizar
pago tarjeta proveedor habitual Sin categorizar;327.30;2;Sin categorizar
cargo servicio online Sin categorizar;7.21;2;Sin categorizar
ticket servicio online Sin categorizar;243.39;2;Sin categorizar
ticket comercio local Sin categorizar;182.57;2;Sin categorizar
movimiento comercio local Sin categorizar;159.29;2;Sin categorizar
pago tarjeta servicio online Sin categorizar;348.46;2;Sin categorizar
compra proveedor habitual Sin categorizar;49.31;2;Sin categorizar
pago tarjeta proveedor habitual Sin categorizar;36.10;2;Sin categorizar
compra proveedor habitual Sin categorizar;61.70;2;Sin categorizar
cargo servicio online Sin categorizar;231.36;2;Sin categorizar
cargo proveedor habitual Sin categorizar;345.55;2;Sin categorizar
pago tarjeta comercio local Sin categorizar;166.35;2;Sin categorizar
cargo proveedor habitual Sin categorizar;250.44;2;Sin categorizar
ticket proveedor habitual Sin categorizar;102.52;2;Sin categorizar
cargo proveedor habitual Sin categorizar;120.93;2;Sin categorizar
cargo proveedor habitual Sin categorizar;342.78;2;Sin categorizar
pago tarjeta servicio online Sin categorizar;31.27;2;Sin categorizar
pago tarjeta comercio local Sin categorizar;85.18;2;Sin categorizar
pago tarjeta comercio local Suministros;70.53;2;Suministros
cargo servicio online Suministros;213.69;2;Suministros
pago tarjeta servicio online Suministros;201.17;2;Suministros
ticket servicio online Suministros;207.50;2;Suministros
factura comercio local Suministros;306.52;2;Suministros
pago tarjeta comercio local Suministros;138.94;2;Suministros
ticket proveedor habitual Suministros;158.41;2;Suministros
ticket comercio local Suministros;229.03;2;Suministros
movimiento comercio local Suministros;66.55;2;Suministros
factura comercio local Suministros;35.74;2;Suministros
cargo servicio online Suministros;148.38;2;Suministros
compra comercio local Suministros;19.53;2;Suministros
compra servicio online Suministros;198.74;2;Suministros
pago tarjeta proveedor habitual Suministros;98.48;2;Suministros
pago tarjeta servicio online Suministros;341.38;2;Suministros
ticket servicio online Suministros;272.18;2;Suministros
movimiento comercio local Suministros;333.61;2;Suministros
movimiento proveedor habitual Suministros;38.49;2;Suministros
compra comercio local Suministros;36.77;2;Suministros
factura servicio online Suministros;265.35;2;Suministros
movimiento comercio local Suministros;263.56;2;Suministros
cargo servicio online Suministros;226.82;2;Suministros
ticket comercio local Suministros;246.46;2;Suministros
cargo servicio online Suministros;261.25;2;Suministros
cargo servicio online Suministros;24.68;2;Suministros
factura proveedor habitual Suministros;135.00;2;Suministros
pago tarjeta comercio local Suministros;103.59;2;Suministros
ticket servicio online Suministros;65.88;2;Suministros
cargo servicio online Suministros;237.91;2;Suministros
pago tarjeta proveedor habitual Suministros;272.48;2;Suministros
movimiento servicio online Suministros;316.22;2;Suministros
ticket comercio local Suministros;299.42;2;Suministros
movimiento servicio online Suministros;89.62;2;Suministros
factura proveedor habitual Suministros;203.60;2;Suministros
ticket servicio online Suministros;345.09;2;Suministros
movimiento comercio local Suministros;189.09;2;Suministros
movimiento proveedor habitual Suministros;98.28;2;Suministros
ticket proveedor habitual Suministros;171.06;2;Suministros
cargo servicio online Suministros;237.35;2;Suministros
factura proveedor habitual Suministros;176.39;2;Suministros
movimiento proveedor habitual Suministros;188.20;2;Suministros
factura servicio online Suministros;62.90;2;Suministros
compra proveedor habitual Suministros;137.23;2;Suministros
factura comercio local Suministros;213.01;2;Suministros
cargo proveedor habitual Suministros;68.43;2;Suministros
factura servicio online Suministros;150.59;2;Suministros
ticket comercio local Suministros;153.51;2;Suministros
pago tarjeta servicio online Suministros;333.26;2;Suministros
pago tarjeta comercio local Suministros;267.55;2;Suministros
movimiento servicio online Suministros;219.50;2;Suministros
cargo servicio online Suministros;81.35;2;Suministros
movimiento servicio online Suministros;110.37;2;Suministros
cargo comercio local Suministros;119.71;2;Suministros
pago tarjeta servicio online Suministros;133.11;2;Suministros
compra comercio local Suministros;14.63;2;Suministros
factura servicio online Suministros;159.21;2;Suministros
pago tarjeta proveedor habitual Suministros;217.37;2;Suministros
cargo proveedor habitual Suministros;24.37;2;Suministros
compra servicio online Suministros;215.96;2;Suministros
compra comercio local Suministros;242.51;2;Suministros
movimiento carrefour Supermercado;56.80;2;Supermercado
factura carrefour Supermercado;171.45;2;Supermercado
cargo mercadona Supermercado;62.64;2;Supermercado
movimiento lidl Supermercado;48.19;2;Supermercado
compra carrefour Supermercado;177.09;2;Supermercado
factura carrefour Supermercado;20.59;2;Supermercado
factura carrefour Supermercado;181.36;2;Supermercado
cargo mercadona Supermercado;217.24;2;Supermercado
cargo mercadona Supermercado;95.42;2;Supermercado
compra carrefour Supermercado;32.07;2;Supermercado
movimiento aldi Supermercado;128.28;2;Supermercado
movimiento aldi Supermercado;23.89;2;Supermercado
ticket mercadona Supermercado;97.79;2;Supermercado
cargo aldi Supermercado;45.75;2;Supermercado
cargo mercadona Supermercado;120.25;2;Supermercado
factura carrefour Supermercado;117.87;2;Supermercado
compra mercadona Supermercado;120.36;2;Supermercado
ticket carrefour Supermercado;49.33;2;Supermercado
pago tarjeta aldi Supermercado;133.21;2;Supermercado
ticket aldi Supermercado;57.93;2;Supermercado
ticket aldi Supermercado;56.18;2;Supermercado
factura aldi Supermercado;37.53;2;Supermercado
ticket lidl Supermercado;42.86;2;Supermercado
movimiento aldi Supermercado;198.50;2;Supermercado
factura aldi Supermercado;190.82;2;Supermercado
factura carrefour Supermercado;116.89;2;Supermercado
factura aldi Supermercado;24.09;2;Supermercado
movimiento carrefour Supermercado;112.39;2;Supermercado
movimiento aldi Supermercado;76.46;2;Supermercado
ticket carrefour Supermercado;22.99;2;Supermercado
pago tarjeta carrefour Supermercado;57.24;2;Supermercado
ticket carrefour Supermercado;42.83;2;Supermercado
movimiento carrefour Supermercado;210.21;2;Supermercado
cargo carrefour Supermercado;183.07;2;Supermercado
movimiento carrefour Supermercado;83.84;2;Supermercado
factura mercadona Supermercado;64.49;2;Supermercado
ticket carrefour Supermercado;120.75;2;Supermercado
factura lidl Supermercado;74.43;2;Supermercado
factura carrefour Supermercado;60.89;2;Supermercado
compra carrefour Supermercado;73.27;2;Supermercado
compra lidl Supermercado;150.68;2;Supermercado
pago tarjeta lidl Supermercado;210.44;2;Supermercado
pago tarjeta lidl Supermercado;138.88;2;Supermercado
pago tarjeta lidl Supermercado;157.96;2;Supermercado
cargo mercadona Supermercado;52.84;2;Supermercado
cargo carrefour Supermercado;93.16;2;Supermercado
movimiento aldi Supermercado;94.01;2;Supermercado
pago tarjeta aldi Supermercado;199.64;2;Supermercado
cargo carrefour Supermercado;20.24;2;Supermercado
pago tarjeta carrefour Supermercado;151.25;2;Supermercado
pago tarjeta mercadona Supermercado;96.78;2;Supermercado
ticket carrefour Supermercado;33.39;2;Supermercado
factura mercadona Supermercado;188.87;2;Supermercado
pago tarjeta carrefour Supermercado;75.83;2;Supermercado
pago tarjeta aldi Supermercado;192.96;2;Supermercado
factura lidl Supermercado;124.49;2;Supermercado
factura aldi Supermercado;145.96;2;Supermercado
compra aldi Supermercado;189.98;2;Supermercado
compra mercadona Supermercado;208.39;2;Supermercado
factura mercadona Supermercado;184.56;2;Supermercado
ticket taxi madrid Taxi;101.10;2;Taxi
movimiento taxi madrid Taxi;232.55;2;Taxi
factura taxi madrid Taxi;261.52;2;Taxi
factura taxi madrid Taxi;254.99;2;Taxi
compra cabify Taxi;100.10;2;Taxi
factura taxi madrid Taxi;11.87;2;Taxi
pago tarjeta uber Taxi;93.33;2;Taxi
pago tarjeta uber Taxi;131.82;2;Taxi
compra uber Taxi;288.77;2;Taxi
pago tarjeta cabify Taxi;39.76;2;Taxi
cargo cabify Taxi;115.77;2;Taxi
factura taxi madrid Taxi;162.95;2;Taxi
factura uber Taxi;290.70;2;Taxi
pago tarjeta taxi madrid Taxi;127.96;2;Taxi
factura uber Taxi;170.62;2;Taxi
ticket uber Taxi;176.67;2;Taxi
cargo taxi madrid Taxi;94.31;2;Taxi
movimiento cabify Taxi;337.57;2;Taxi
factura taxi madrid Taxi;17.83;2;Taxi
factura cabify Taxi;316.08;2;Taxi
ticket uber Taxi;270.62;2;Taxi
cargo taxi madrid Taxi;182.63;2;Taxi
compra taxi madrid Taxi;211.20;2;Taxi
movimiento cabify Taxi;174.01;2;Taxi
cargo uber Taxi;298.21;2;Taxi
movimiento taxi madrid Taxi;39.88;2;Taxi
pago tarjeta uber Taxi;88.54;2;Taxi
compra cabify Taxi;232.47;2;Taxi
factura cabify Taxi;231.49;2;Taxi
factura taxi madrid Taxi;340.94;2;Taxi
compra cabify Taxi;147.26;2;Taxi
compra uber Taxi;317.34;2;Taxi
pago tarjeta uber Taxi;158.36;2;Taxi
compra taxi madrid Taxi;82.85;2;Taxi
factura uber Taxi;24.02;2;Taxi
cargo uber Taxi;284.65;2;Taxi
cargo uber Taxi;226.60;2;Taxi
cargo taxi madrid Taxi;330.61;2;Taxi
movimiento taxi madrid Taxi;337.89;2;Taxi
cargo cabify Taxi;83.94;2;Taxi
ticket uber Taxi;320.13;2;Taxi
pago tarjeta cabify Taxi;176.20;2;Taxi
pago tarjeta uber Taxi;172.28;2;Taxi
ticket uber Taxi;121.33;2;Taxi
cargo taxi madrid Taxi;37.68;2;Taxi
compra taxi madrid Taxi;20.94;2;Taxi
compra uber Taxi;89.93;2;Taxi
cargo uber Taxi;53.75;2;Taxi
compra taxi madrid Taxi;322.39;2;Taxi
movimiento taxi madrid Taxi;190.01;2;Taxi
movimiento taxi madrid Taxi;266.26;2;Taxi
cargo uber Taxi;31.68;2;Taxi
factura cabify Taxi;306.29;2;Taxi
pago tarjeta taxi madrid Taxi;182.21;2;Taxi
compra taxi madrid Taxi;99.46;2;Taxi
movimiento cabify Taxi;289.19;2;Taxi
pago tarjeta uber Taxi;109.29;2;Taxi
compra taxi madrid Taxi;301.28;2;Taxi
movimiento taxi madrid Taxi;307.66;2;Taxi
ticket cabify Taxi;131.05;2;Taxi
factura servicio online Transport Other;147.97;2;Transport Other
compra proveedor habitual Transport Other;84.97;2;Transport Other
factura comercio local Transport Other;311.07;2;Transport Other
cargo proveedor habitual Transport Other;279.53;2;Transport Other
pago tarjeta proveedor habitual Transport Other;40.30;2;Transport Other
factura proveedor habitual Transport Other;338.25;2;Transport Other
compra proveedor habitual Transport Other;179.79;2;Transport Other
pago tarjeta comercio local Transport Other;171.06;2;Transport Other
ticket proveedor habitual Transport Other;56.13;2;Transport Other
cargo proveedor habitual Transport Other;257.03;2;Transport Other
compra comercio local Transport Other;188.11;2;Transport Other
pago tarjeta servicio online Transport Other;72.97;2;Transport Other
movimiento proveedor habitual Transport Other;322.98;2;Transport Other
ticket servicio online Transport Other;125.89;2;Transport Other
cargo servicio online Transport Other;156.26;2;Transport Other
ticket servicio online Transport Other;346.86;2;Transport Other
pago tarjeta comercio local Transport Other;220.17;2;Transport Other
factura proveedor habitual Transport Other;342.01;2;Transport Other
cargo servicio online Transport Other;315.19;2;Transport Other
movimiento comercio local Transport Other;25.74;2;Transport Other
ticket proveedor habitual Transport Other;150.67;2;Transport Other
compra servicio online Transport Other;13.24;2;Transport Other
factura comercio local Transport Other;246.06;2;Transport Other
cargo servicio online Transport Other;86.88;2;Transport Other
compra proveedor habitual Transport Other;104.02;2;Transport Other
cargo proveedor habitual Transport Other;117.81;2;Transport Other
movimiento servicio online Transport Other;130.78;2;Transport Other
compra servicio online Transport Other;38.84;2;Transport Other
compra servicio online Transport Other;79.83;2;Transport Other
cargo proveedor habitual Transport Other;188.03;2;Transport Other
movimiento comercio local Transport Other;67.11;2;Transport Other
movimiento servicio online Transport Other;339.95;2;Transport Other
cargo comercio local Transport Other;50.96;2;Transport Other
factura proveedor habitual Transport Other;147.80;2;Transport Other
compra comercio local Transport Other;252.75;2;Transport Other
cargo servicio online Transport Other;245.98;2;Transport Other
ticket proveedor habitual Transport Other;145.87;2;Transport Other
pago tarjeta servicio online Transport Other;350.34;2;Transport Other
ticket servicio online Transport Other;277.37;2;Transport Other
ticket comercio local Transport Other;344.99;2;Transport Other
ticket comercio local Transport Other;162.20;2;Transport Other
factura proveedor habitual Transport Other;133.26;2;Transport Other
compra servicio online Transport Other;89.63;2;Transport Other
movimiento comercio local Transport Other;166.51;2;Transport Other
cargo servicio online Transport Other;263.05;2;Transport Other
compra comercio local Transport Other;219.30;2;Transport Other
ticket servicio online Transport Other;189.62;2;Transport Other
pago tarjeta proveedor habitual Transport Other;16.44;2;Transport Other
pago tarjeta servicio online Transport Other;180.24;2;Transport Other
movimiento servicio online Transport Other;18.02;2;Transport Other
pago tarjeta proveedor habitual Transport Other;38.77;2;Transport Other
factura servicio online Transport Other;347.49;2;Transport Other
factura proveedor habitual Transport Other;118.17;2;Transport Other
factura comercio local Transport Other;176.54;2;Transport Other
factura servicio online Transport Other;279.85;2;Transport Other
compra servicio online Transport Other;119.95;2;Transport Other
movimiento proveedor habitual Transport Other;228.75;2;Transport Other
cargo servicio online Transport Other;101.15;2;Transport Other
cargo proveedor habitual Transport Other;141.09;2;Transport Other
factura servicio online Transport Other;178.48;2;Transport Other
movimiento renfe Transporte;84.55;2;Transporte
movimiento renfe Transporte;47.72;2;Transporte
ticket emt Transporte;155.28;2;Transporte
movimiento renfe Transporte;82.12;2;Transporte
factura metro Transporte;170.23;2;Transporte
pago tarjeta metro Transporte;140.61;2;Transporte
pago tarjeta renfe Transporte;73.97;2;Transporte
factura metro Transporte;88.36;2;Transporte
factura metro Transporte;30.34;2;Transporte
cargo metro Transporte;18.95;2;Transporte
movimiento metro Transporte;15.34;2;Transporte
compra metro Transporte;87.00;2;Transporte
pago tarjeta renfe Transporte;175.25;2;Transporte
compra emt Transporte;35.95;2;Transporte
ticket metro Transporte;142.71;2;Transporte
cargo metro Transporte;128.25;2;Transporte
pago tarjeta renfe Transporte;163.94;2;Transporte
cargo renfe Transporte;152.09;2;Transporte
movimiento emt Transporte;48.88;2;Transporte
ticket metro Transporte;37.85;2;Transporte
movimiento metro Transporte;49.82;2;Transporte
ticket emt Transporte;125.78;2;Transporte
movimiento emt Transporte;107.38;2;Transporte
cargo emt Transporte;178.37;2;Transporte
compra metro Transporte;130.75;2;Transporte
compra emt Transporte;61.43;2;Transporte
cargo renfe Transporte;31.48;2;Transporte
cargo emt Transporte;26.92;2;Transporte
ticket emt Transporte;109.95;2;Transporte
factura emt Transporte;80.56;2;Transporte
pago tarjeta renfe Transporte;165.53;2;Transporte
movimiento renfe Transporte;110.60;2;Transporte
pago tarjeta emt Transporte;47.24;2;Transporte
cargo renfe Transporte;139.48;2;Transporte
ticket metro Transporte;146.30;2;Transporte
ticket metro Transporte;148.22;2;Transporte
ticket renfe Transporte;31.14;2;Transporte
compra renfe Transporte;165.42;2;Transporte
compra renfe Transporte;53.08;2;Transporte
ticket metro Transporte;145.02;2;Transporte
pago tarjeta emt Transporte;22.07;2;Transporte
pago tarjeta emt Transporte;127.49;2;Transporte
compra emt Transporte;93.01;2;Transporte
compra emt Transporte;22.03;2;Transporte
movimiento renfe Transporte;90.29;2;Transporte
compra emt Transporte;101.49;2;Transporte
ticket emt Transporte;145.10;2;Transporte
movimiento renfe Transporte;32.16;2;Transporte
ticket metro Transporte;163.86;2;Transporte
ticket renfe Transporte;14.40;2;Transporte
movimiento emt Transporte;158.63;2;Transporte
cargo metro Transporte;143.26;2;Transporte
ticket metro Transporte;34.25;2;Transporte
pago tarjeta metro Transporte;50.45;2;Transporte
pago tarjeta renfe Transporte;123.96;2;Transporte
cargo renfe Transporte;24.93;2;Transporte
cargo renfe Transporte;135.09;2;Transporte
ticket emt Transporte;47.45;2;Transporte
ticket metro Transporte;176.90;2;Transporte
compra metro Transporte;92.75;2;Transporte
cargo metro Transporte publico;107.46;2;Transporte publico
ticket renfe Transporte publico;130.87;2;Transporte publico
compra renfe Transporte publico;150.40;2;Transporte publico
cargo metro Transporte publico;47.94;2;Transporte publico
compra renfe Transporte publico;72.36;2;Transporte publico
cargo renfe Transporte publico;168.44;2;Transporte publico
pago tarjeta emt Transporte publico;38.47;2;Transporte publico
factura renfe Transporte publico;116.08;2;Transporte publico
factura renfe Transporte publico;73.36;2;Transporte publico
movimiento emt Transporte publico;123.65;2;Transporte publico
pago tarjeta renfe Transporte publico;133.16;2;Transporte publico
movimiento renfe Transporte publico;136.20;2;Transporte publico
cargo emt Transporte publico;101.86;2;Transporte publico
movimiento emt Transporte publico;43.17;2;Transporte publico
ticket emt Transporte publico;86.41;2;Transporte publico
movimiento renfe Transporte publico;123.26;2;Transporte publico
cargo metro Transporte publico;129.27;2;Transporte publico
pago tarjeta metro Transporte publico;158.67;2;Transporte publico
movimiento emt Transporte publico;111.49;2;Transporte publico
factura emt Transporte publico;36.40;2;Transporte publico
pago tarjeta emt Transporte publico;10.82;2;Transporte publico
ticket renfe Transporte publico;55.86;2;Transporte publico
factura metro Transporte publico;111.98;2;Transporte publico
ticket emt Transporte publico;158.01;2;Transporte publico
compra metro Transporte publico;134.63;2;Transporte publico
ticket metro Transporte publico;123.01;2;Transporte publico
movimiento metro Transporte publico;59.54;2;Transporte publico
ticket renfe Transporte publico;94.11;2;Transporte publico
movimiento renfe Transporte publico;13.94;2;Transporte publico
cargo metro Transporte publico;116.03;2;Transporte publico
ticket renfe Transporte publico;157.63;2;Transporte publico
compra emt Transporte publico;68.76;2;Transporte publico
movimiento renfe Transporte publico;100.37;2;Transporte publico
ticket emt Transporte publico;39.92;2;Transporte publico
movimiento emt Transporte publico;54.88;2;Transporte publico
ticket emt Transporte publico;87.29;2;Transporte publico
cargo metro Transporte publico;88.28;2;Transporte publico
compra emt Transporte publico;143.91;2;Transporte publico
pago tarjeta metro Transporte publico;101.60;2;Transporte publico
movimiento renfe Transporte publico;137.84;2;Transporte publico
compra emt Transporte publico;16.85;2;Transporte publico
pago tarjeta renfe Transporte publico;141.96;2;Transporte publico
cargo metro Transporte publico;102.72;2;Transporte publico
factura emt Transporte publico;71.18;2;Transporte publico
ticket renfe Transporte publico;37.42;2;Transporte publico
ticket renfe Transporte publico;18.00;2;Transporte publico
factura metro Transporte publico;126.48;2;Transporte publico
movimiento emt Transporte publico;168.05;2;Transporte publico
factura metro Transporte publico;111.81;2;Transporte publico
pago tarjeta emt Transporte publico;139.10;2;Transporte publico
cargo metro Transporte publico;161.50;2;Transporte publico
cargo emt Transporte publico;77.28;2;Transporte publico
movimiento emt Transporte publico;50.73;2;Transporte publico
compra renfe Transporte publico;25.42;2;Transporte publico
factura renfe Transporte publico;121.55;2;Transporte publico
ticket renfe Transporte publico;116.37;2;Transporte publico
factura emt Transporte publico;64.82;2;Transporte publico
pago tarjeta metro Transporte publico;105.66;2;Transporte publico
ticket emt Transporte publico;176.79;2;Transporte publico
compra renfe Transporte publico;96.48;2;Transporte publico
ticket proveedor habitual Vacaciones;542.82;2;Vacaciones
pago tarjeta comercio local Vacaciones;373.64;2;Vacaciones
cargo servicio online Vacaciones;469.51;2;Vacaciones
cargo servicio online Vacaciones;734.13;2;Vacaciones
cargo comercio local Vacaciones;493.27;2;Vacaciones
cargo servicio online Vacaciones;753.73;2;Vacaciones
cargo comercio local Vacaciones;790.73;2;Vacaciones
movimiento servicio online Vacaciones;369.38;2;Vacaciones
pago tarjeta proveedor habitual Vacaciones;565.99;2;Vacaciones
compra proveedor habitual Vacaciones;243.32;2;Vacaciones
cargo comercio local Vacaciones;156.15;2;Vacaciones
compra comercio local Vacaciones;572.35;2;Vacaciones
movimiento comercio local Vacaciones;388.39;2;Vacaciones
ticket servicio online Vacaciones;220.35;2;Vacaciones
compra proveedor habitual Vacaciones;641.81;2;Vacaciones
compra comercio local Vacaciones;103.12;2;Vacaciones
factura comercio local Vacaciones;415.71;2;Vacaciones
cargo servicio online Vacaciones;186.74;2;Vacaciones
movimiento comercio local Vacaciones;456.60;2;Vacaciones
cargo proveedor habitual Vacaciones;712.93;2;Vacaciones
compra servicio online Vacaciones;85.72;2;Vacaciones
pago tarjeta servicio online Vacaciones;596.53;2;Vacaciones
ticket servicio online Vacaciones;111.92;2;Vacaciones
ticket comercio local Vacaciones;151.14;2;Vacaciones
cargo comercio local Vacaciones;462.46;2;Vacaciones
movimiento servicio online Vacaciones;449.14;2;Vacaciones
factura servicio online Vacaciones;551.98;2;Vacaciones
factura proveedor habitual Vacaciones;373.80;2;Vacaciones
cargo comercio local Vacaciones;678.62;2;Vacaciones
pago tarjeta comercio local Vacaciones;836.98;2;Vacaciones
compra servicio online Vacaciones;488.14;2;Vacaciones
movimiento proveedor habitual Vacaciones;860.71;2;Vacaciones
pago tarjeta proveedor habitual Vacaciones;894.30;2;Vacaciones
compra servicio online Vacaciones;736.43;2;Vacaciones
compra proveedor habitual Vacaciones;103.87;2;Vacaciones
ticket servicio online Vacaciones;376.01;2;Vacaciones
movimiento comercio local Vacaciones;108.79;2;Vacaciones
movimiento proveedor habitual Vacaciones;662.03;2;Vacaciones
movimiento comercio local Vacaciones;388.58;2;Vacaciones
compra servicio online Vacaciones;407.87;2;Vacaciones
cargo comercio local Vacaciones;562.52;2;Vacaciones
cargo comercio local Vacaciones;847.79;2;Vacaciones
cargo comercio local Vacaciones;774.59;2;Vacaciones
cargo servicio online Vacaciones;138.75;2;Vacaciones
pago tarjeta comercio local Vacaciones;470.54;2;Vacaciones
ticket comercio local Vacaciones;147.48;2;Vacaciones
cargo proveedor habitual Vacaciones;411.80;2;Vacaciones
cargo comercio local Vacaciones;417.88;2;Vacaciones
factura servicio online Vacaciones;529.41;2;Vacaciones
movimiento servicio online Vacaciones;394.71;2;Vacaciones
pago tarjeta proveedor habitual Vacaciones;679.75;2;Vacaciones
cargo proveedor habitual Vacaciones;720.33;2;Vacaciones
cargo proveedor habitual Vacaciones;403.63;2;Vacaciones
pago tarjeta proveedor habitual Vacaciones;366.44;2;Vacaciones
pago tarjeta comercio local Vacaciones;478.90;2;Vacaciones
cargo servicio online Vacaciones;330.10;2;Vacaciones
movimiento comercio local Vacaciones;183.27;2;Vacaciones
movimiento comercio local Vacaciones;181.52;2;Vacaciones
compra proveedor habitual Vacaciones;308.85;2;Vacaciones
pago tarjeta comercio local Vacaciones;357.06;2;Vacaciones
pago tarjeta iberia Vuelos;590.62;2;Vuelos
compra ryanair Vuelos;762.09;2;Vuelos
compra ryanair Vuelos;565.85;2;Vuelos
pago tarjeta ryanair Vuelos;560.37;2;Vuelos
factura vueling Vuelos;742.15;2;Vuelos
ticket vueling Vuelos;397.98;2;Vuelos
movimiento vueling Vuelos;854.96;2;Vuelos
pago tarjeta vueling Vuelos;452.58;2;Vuelos
pago tarjeta ryanair Vuelos;859.47;2;Vuelos
factura ryanair Vuelos;271.66;2;Vuelos
factura iberia Vuelos;883.06;2;Vuelos
ticket vueling Vuelos;863.80;2;Vuelos
movimiento ryanair Vuelos;85.90;2;Vuelos
movimiento vueling Vuelos;639.35;2;Vuelos
factura iberia Vuelos;685.50;2;Vuelos
cargo vueling Vuelos;519.51;2;Vuelos
pago tarjeta ryanair Vuelos;744.64;2;Vuelos
compra vueling Vuelos;317.83;2;Vuelos
compra iberia Vuelos;747.55;2;Vuelos
pago tarjeta ryanair Vuelos;800.24;2;Vuelos
pago tarjeta iberia Vuelos;313.81;2;Vuelos
pago tarjeta vueling Vuelos;80.73;2;Vuelos
pago tarjeta ryanair Vuelos;423.60;2;Vuelos
movimiento iberia Vuelos;836.22;2;Vuelos
movimiento ryanair Vuelos;351.92;2;Vuelos
cargo ryanair Vuelos;303.73;2;Vuelos
factura ryanair Vuelos;502.72;2;Vuelos
pago tarjeta iberia Vuelos;470.33;2;Vuelos
movimiento ryanair Vuelos;569.38;2;Vuelos
factura ryanair Vuelos;533.23;2;Vuelos
movimiento vueling Vuelos;175.34;2;Vuelos
movimiento iberia Vuelos;841.38;2;Vuelos
compra ryanair Vuelos;372.52;2;Vuelos
pago tarjeta ryanair Vuelos;640.21;2;Vuelos
cargo ryanair Vuelos;178.63;2;Vuelos
pago tarjeta iberia Vuelos;632.30;2;Vuelos
compra ryanair Vuelos;755.57;2;Vuelos
cargo vueling Vuelos;293.71;2;Vuelos
compra vueling Vuelos;126.39;2;Vuelos
factura iberia Vuelos;883.41;2;Vuelos
compra iberia Vuelos;790.29;2;Vuelos
compra iberia Vuelos;137.50;2;Vuelos
factura ryanair Vuelos;659.75;2;Vuelos
pago tarjeta ryanair Vuelos;162.65;2;Vuelos
pago tarjeta ryanair Vuelos;567.28;2;Vuelos
compra ryanair Vuelos;218.93;2;Vuelos
cargo vueling Vuelos;516.33;2;Vuelos
ticket ryanair Vuelos;501.45;2;Vuelos
compra iberia Vuelos;145.48;2;Vuelos
cargo vueling Vuelos;461.26;2;Vuelos
movimiento ryanair Vuelos;557.86;2;Vuelos
ticket iberia Vuelos;116.96;2;Vuelos
ticket iberia Vuelos;167.87;2;Vuelos
pago tarjeta vueling Vuelos;613.91;2;Vuelos
compra iberia Vuelos;706.98;2;Vuelos
cargo iberia Vuelos;227.62;2;Vuelos
cargo iberia Vuelos;156.37;2;Vuelos
pago tarjeta iberia Vuelos;856.47;2;Vuelos
ticket iberia Vuelos;795.29;2;Vuelos
pago tarjeta vueling Vuelos;159.85;2;Vuelos
